threshold,curve,net_benefit
0.05,Treat all,0.1951971848152535
0.05,Treat none,0.0
0.05,LR|NONE|UNCAL,0.19531906781382527
0.05,LR|NONE|PRIOR,0.19531906781382527
0.05,LR|NONE|PLATT,0.19530656699345894
0.05,LR|NONE|ISO,0.19514093112360498
0.05,LR|CSL|UNCAL,0.19520968563561983
0.05,LR|CSL|PRIOR,0.1953315686341916
0.05,LR|CSL|PLATT,0.19530969219855052
0.05,LR|CSL|ISO,0.19533156863419163
0.05,LR|ROS|UNCAL,0.19520968563561983
0.05,LR|ROS|PRIOR,0.19510655386759757
0.05,LR|ROS|PLATT,0.19525968891708517
0.05,LR|ROS|ISO,0.19514405632869658
0.05,LR|RUS|UNCAL,0.1952128108407114
0.05,LR|RUS|PRIOR,0.19508155222686488
0.05,LR|RUS|PLATT,0.19526593932726835
0.05,LR|RUS|ISO,0.19527844014763468
0.05,LR|SMOTE|UNCAL,0.19516905796942924
0.05,LR|SMOTE|PRIOR,0.19503467415049114
0.05,LR|SMOTE|PLATT,0.1952971913781842
0.05,LR|SMOTE|ISO,0.19524406289162727
0.05,RF|NONE|UNCAL,0.19520968563561983
0.05,RF|NONE|PRIOR,0.19520968563561983
0.05,RF|NONE|PLATT,0.19520656043052825
0.05,RF|NONE|ISO,0.1952753149425431
0.05,RF|CSL|UNCAL,0.1951971848152535
0.05,RF|CSL|PRIOR,0.19527844014763468
0.05,RF|CSL|PLATT,0.1953128174036421
0.05,RF|CSL|ISO,0.1952971913781842
0.05,RF|ROS|UNCAL,0.1951971848152535
0.05,RF|ROS|PRIOR,0.1952128108407114
0.05,RF|ROS|PLATT,0.19532219301891685
0.05,RF|ROS|ISO,0.19556908422115202
0.05,RF|RUS|UNCAL,0.1951971848152535
0.05,RF|RUS|PRIOR,0.19520031002034507
0.05,RF|RUS|PLATT,0.195290940968001
0.05,RF|RUS|ISO,0.1952721897374515
0.05,RF|SMOTE|UNCAL,0.1951971848152535
0.05,RF|SMOTE|PRIOR,0.19508780263704806
0.05,RF|SMOTE|PLATT,0.19531906781382527
0.05,RF|SMOTE|ISO,0.19498779607411737
0.05,HGB|NONE|UNCAL,0.19538782232584012
0.05,HGB|NONE|PRIOR,0.19538782232584012
0.05,HGB|NONE|PLATT,0.1953534450698327
0.05,HGB|NONE|ISO,0.19516280755924606
0.05,HGB|CSL|UNCAL,0.19520031002034507
0.05,HGB|CSL|PRIOR,0.19554720778551093
0.05,HGB|CSL|PLATT,0.195494079298954
0.05,HGB|CSL|ISO,0.19470652761587479
0.05,HGB|ROS|UNCAL,0.1953159426087337
0.05,HGB|ROS|PRIOR,0.19432525259470154
0.05,HGB|ROS|PLATT,0.1953503198647411
0.05,HGB|ROS|ISO,0.1946502739242263
0.05,HGB|RUS|UNCAL,0.1951971848152535
0.05,HGB|RUS|PRIOR,0.1954690776582213
0.05,HGB|RUS|PLATT,0.1954878288887708
0.05,HGB|RUS|ISO,0.19518468399488717
0.05,HGB|SMOTE|UNCAL,0.1953940727360233
0.05,HGB|SMOTE|PRIOR,0.18392769525500108
0.05,HGB|SMOTE|PLATT,0.1954096987614812
0.05,HGB|SMOTE|ISO,0.19504404976576586
0.06,Treat all,0.18663545273882
0.06,Treat none,0.0
0.06,LR|NONE|UNCAL,0.186870441564217
0.06,LR|NONE|PRIOR,0.186870441564217
0.06,LR|NONE|PLATT,0.1868666514218719
0.06,LR|NONE|ISO,0.18678200490949773
0.06,LR|CSL|UNCAL,0.18667335416227115
0.06,LR|CSL|PRIOR,0.18683759366389271
0.06,LR|CSL|PLATT,0.18691213313001326
0.06,LR|CSL|ISO,0.1869247669378303
0.06,LR|ROS|UNCAL,0.18666577387758093
0.06,LR|ROS|PRIOR,0.18647121323719848
0.06,LR|ROS|PLATT,0.18672262601275763
0.06,LR|ROS|ISO,0.18673525982057465
0.06,LR|RUS|UNCAL,0.18666577387758093
0.06,LR|RUS|PRIOR,0.18663545273882004
0.06,LR|RUS|PLATT,0.1868641246603085
0.06,LR|RUS|ISO,0.18657860060364334
0.06,LR|SMOTE|UNCAL,0.18664429640429195
0.06,LR|SMOTE|PRIOR,0.1862968666893233
0.06,LR|SMOTE|PLATT,0.18681485280982202
0.06,LR|SMOTE|ISO,0.18673020629744785
0.06,RF|NONE|UNCAL,0.1866923048739967
0.06,RF|NONE|PRIOR,0.1866923048739967
0.06,RF|NONE|PLATT,0.18678705843262453
0.06,RF|NONE|ISO,0.18690581622610472
0.06,RF|CSL|UNCAL,0.18663545273882
0.06,RF|CSL|PRIOR,0.18682116971373056
0.06,RF|CSL|PLATT,0.186836330283111
0.06,RF|CSL|ISO,0.18676937110168068
0.06,RF|ROS|UNCAL,0.18663545273882
0.06,RF|ROS|PRIOR,0.18675926405542703
0.06,RF|ROS|PLATT,0.1869209767954852
0.06,RF|ROS|ISO,0.18723808537169295
0.06,RF|RUS|UNCAL,0.18663545273882
0.06,RF|RUS|PRIOR,0.18665061330820049
0.06,RF|RUS|PLATT,0.1868957091798511
0.06,RF|RUS|ISO,0.1867516837707368
0.06,RF|SMOTE|UNCAL,0.18663924288116512
0.06,RF|SMOTE|PRIOR,0.1865103780414313
0.06,RF|SMOTE|PLATT,0.18652301184924835
0.06,RF|SMOTE|ISO,0.18652048508768493
0.06,HGB|NONE|UNCAL,0.18696393174206313
0.06,HGB|NONE|PRIOR,0.18696393174206313
0.06,HGB|NONE|PLATT,0.18692224017626688
0.06,HGB|NONE|ISO,0.18690960636844983
0.06,HGB|CSL|UNCAL,0.18667335416227115
0.06,HGB|CSL|PRIOR,0.18652427523003004
0.06,HGB|CSL|PLATT,0.18676684434011728
0.06,HGB|CSL|ISO,0.18655838651113607
0.06,HGB|ROS|UNCAL,0.1869209767954852
0.06,HGB|ROS|PRIOR,0.1854655621349619
0.06,HGB|ROS|PLATT,0.18673146967822957
0.06,HGB|ROS|ISO,0.18642699490983883
0.06,HGB|RUS|UNCAL,0.18663545273882
0.06,HGB|RUS|PRIOR,0.18685780775639999
0.06,HGB|RUS|PLATT,0.18685528099483656
0.06,HGB|RUS|ISO,0.18682622323685738
0.06,HGB|SMOTE|UNCAL,0.1871029036280506
0.06,HGB|SMOTE|PRIOR,0.16756724660055816
0.06,HGB|SMOTE|PLATT,0.18702583740036663
0.06,HGB|SMOTE|ISO,0.18677189786324408
0.07,Treat all,0.1778895973919256
0.07,Treat none,0.0
0.07,LR|NONE|UNCAL,0.17797068470252767
0.07,LR|NONE|PRIOR,0.17797068470252767
0.07,LR|NONE|PLATT,0.1782982263587392
0.07,LR|NONE|ISO,0.17816797587556737
0.07,LR|CSL|UNCAL,0.17788832042640432
0.07,LR|CSL|PRIOR,0.17791322125406953
0.07,LR|CSL|PLATT,0.17828928760009016
0.07,LR|CSL|ISO,0.17834164318646314
0.07,LR|ROS|UNCAL,0.17788832042640432
0.07,LR|ROS|PRIOR,0.17793109877136762
0.07,LR|ROS|PLATT,0.17801027063368777
0.07,LR|ROS|ISO,0.17814562897894476
0.07,LR|RUS|UNCAL,0.1779061979437024
0.07,LR|RUS|PRIOR,0.17805241049589038
0.07,LR|RUS|PLATT,0.17799622401295354
0.07,LR|RUS|ISO,0.17801410153025163
0.07,LR|SMOTE|UNCAL,0.17799558553019287
0.07,LR|SMOTE|PRIOR,0.1781283899444073
0.07,LR|SMOTE|PLATT,0.1783716518762135
0.07,LR|SMOTE|ISO,0.17822480084126488
0.07,RF|NONE|UNCAL,0.1779419529782986
0.07,RF|NONE|PRIOR,0.1779419529782986
0.07,RF|NONE|PLATT,0.17833845077265992
0.07,RF|NONE|ISO,0.17828290277248368
0.07,RF|CSL|UNCAL,0.17789406677125014
0.07,RF|CSL|PRIOR,0.17834036622094185
0.07,RF|CSL|PLATT,0.178303972703585
0.07,RF|CSL|ISO,0.1782305471861107
0.07,RF|ROS|UNCAL,0.17789406677125014
0.07,RF|ROS|PRIOR,0.1782184160136584
0.07,RF|ROS|PLATT,0.17849615601453953
0.07,RF|ROS|ISO,0.1787502721532767
0.07,RF|RUS|UNCAL,0.1778895973919256
0.07,RF|RUS|PRIOR,0.17788832042640432
0.07,RF|RUS|PLATT,0.17841059932461292
0.07,RF|RUS|ISO,0.17804794111656586
0.07,RF|SMOTE|UNCAL,0.17789853615057466
0.07,RF|SMOTE|PRIOR,0.17578196579903244
0.07,RF|SMOTE|PLATT,0.1777746704950093
0.07,RF|SMOTE|ISO,0.1778710813918669
0.07,HGB|NONE|UNCAL,0.1783933602900755
0.07,HGB|NONE|PRIOR,0.1783933602900755
0.07,HGB|NONE|PLATT,0.17842400746258652
0.07,HGB|NONE|ISO,0.1777261458052002
0.07,HGB|CSL|UNCAL,0.17801474001301226
0.07,HGB|CSL|PRIOR,0.17824395532408427
0.07,HGB|CSL|PLATT,0.1783275965657289
0.07,HGB|CSL|ISO,0.17823501656543522
0.07,HGB|ROS|UNCAL,0.17825225559997265
0.07,HGB|ROS|PRIOR,0.17737881118340865
0.07,HGB|ROS|PLATT,0.17787874318499464
0.07,HGB|ROS|ISO,0.1778493729780049
0.07,HGB|RUS|UNCAL,0.1778895973919256
0.07,HGB|RUS|PRIOR,0.17826694070346755
0.07,HGB|RUS|PLATT,0.1782969493932179
0.07,HGB|RUS|ISO,0.17822735477230747
0.07,HGB|SMOTE|UNCAL,0.17833845077265992
0.07,HGB|SMOTE|PRIOR,0.15117994806581225
0.07,HGB|SMOTE|PLATT,0.17828545670352627
0.07,HGB|SMOTE|ISO,0.17833781228989926
0.08,Treat all,0.16895361475488133
0.08,Treat none,0.0
0.08,LR|NONE|UNCAL,0.16963776291297378
0.08,LR|NONE|PRIOR,0.16963776291297378
0.08,LR|NONE|PLATT,0.16937959379671247
0.08,LR|NONE|ISO,0.16946478960507871
0.08,LR|CSL|UNCAL,0.16907495423952412
0.08,LR|CSL|PRIOR,0.16926599938555753
0.08,LR|CSL|PLATT,0.1692066204888174
0.08,LR|CSL|ISO,0.16945704453159088
0.08,LR|ROS|UNCAL,0.16908011762184938
0.08,LR|ROS|PRIOR,0.1694234825464769
0.08,LR|ROS|PLATT,0.16925309092974444
0.08,LR|ROS|ISO,0.16930472475299668
0.08,LR|RUS|UNCAL,0.16907495423952412
0.08,LR|RUS|PRIOR,0.1694441360757778
0.08,LR|RUS|PLATT,0.16943122761996474
0.08,LR|RUS|ISO,0.1692634176943949
0.08,LR|SMOTE|UNCAL,0.1691678951213782
0.08,LR|SMOTE|PRIOR,0.16943380931112736
0.08,LR|SMOTE|PLATT,0.16945962622275346
0.08,LR|SMOTE|ISO,0.16953449526646924
0.08,RF|NONE|UNCAL,0.1690646274748737
0.08,RF|NONE|PRIOR,0.1690646274748737
0.08,RF|NONE|PLATT,0.16956031217809542
0.08,RF|NONE|ISO,0.16947253467856654
0.08,RF|CSL|UNCAL,0.16895877813720656
0.08,RF|CSL|PRIOR,0.16978750100040532
0.08,RF|CSL|PLATT,0.16959903754553457
0.08,RF|CSL|ISO,0.169402829017176
0.08,RF|ROS|UNCAL,0.16895877813720656
0.08,RF|ROS|PRIOR,0.16990367710272292
0.08,RF|ROS|PLATT,0.17017217298363468
0.08,RF|ROS|ISO,0.1700585785724797
0.08,RF|RUS|UNCAL,0.16895361475488133
0.08,RF|RUS|PRIOR,0.16909044438649984
0.08,RF|RUS|PLATT,0.16983138975016976
0.08,RF|RUS|ISO,0.16959645585437197
0.08,RF|SMOTE|UNCAL,0.16897426828418222
0.08,RF|SMOTE|PRIOR,0.16348559287246706
0.08,RF|SMOTE|PLATT,0.1693434501204359
0.08,RF|SMOTE|ISO,0.16903364718092234
0.08,HGB|NONE|UNCAL,0.1697642657799418
0.08,HGB|NONE|PRIOR,0.1697642657799418
0.08,HGB|NONE|PLATT,0.16991400386737338
0.08,HGB|NONE|ISO,0.16943639100228997
0.08,HGB|CSL|UNCAL,0.1692272740181183
0.08,HGB|CSL|PRIOR,0.16949835159019266
0.08,HGB|CSL|PLATT,0.16941057409066382
0.08,HGB|CSL|ISO,0.16973070379482785
0.08,HGB|ROS|UNCAL,0.1695060966636805
0.08,HGB|ROS|PRIOR,0.1685663610804894
0.08,HGB|ROS|PLATT,0.1689045626227917
0.08,HGB|ROS|ISO,0.169162731739053
0.08,HGB|RUS|UNCAL,0.16895361475488133
0.08,HGB|RUS|PRIOR,0.16968681504506342
0.08,HGB|RUS|PLATT,0.16966874320692513
0.08,HGB|RUS|ISO,0.1697771742357549
0.08,HGB|SMOTE|UNCAL,0.16963776291297378
0.08,HGB|SMOTE|PRIOR,0.13207673818811752
0.08,HGB|SMOTE|PLATT,0.1695448220311197
0.08,HGB|SMOTE|ISO,0.17018766313061034
0.09,Treat all,0.15982123689504485
0.09,Treat none,0.0
0.09,LR|NONE|UNCAL,0.16116411348285942
0.09,LR|NONE|PRIOR,0.16116411348285942
0.09,LR|NONE|PLATT,0.1609122425582256
0.09,LR|NONE|ISO,0.160756943905213
0.09,LR|CSL|UNCAL,0.15997262045596466
0.09,LR|CSL|PRIOR,0.1611373603535589
0.09,LR|CSL|PLATT,0.16072301310707582
0.09,LR|CSL|ISO,0.16069560746242656
0.09,LR|ROS|UNCAL,0.1598597353006236
0.09,LR|ROS|PRIOR,0.1609357331107821
0.09,LR|ROS|PLATT,0.1605990351908053
0.09,LR|ROS|ISO,0.16098206170054635
0.09,LR|RUS|UNCAL,0.16001372892293858
0.09,LR|RUS|PRIOR,0.16099445949217342
0.09,LR|RUS|PLATT,0.1607308432912613
0.09,LR|RUS|ISO,0.16078565458055988
0.09,LR|SMOTE|UNCAL,0.1601827303982758
0.09,LR|SMOTE|PRIOR,0.16048941261220817
0.09,LR|SMOTE|PLATT,0.16074063102149322
0.09,LR|SMOTE|ISO,0.16065319396475505
0.09,RF|NONE|UNCAL,0.16021144107362267
0.09,RF|NONE|PRIOR,0.16021144107362267
0.09,RF|NONE|PLATT,0.16082089040939468
0.09,RF|NONE|ISO,0.16046853212104684
0.09,RF|CSL|UNCAL,0.159827109533184
0.09,RF|CSL|PRIOR,0.16082872059358017
0.09,RF|CSL|PLATT,0.16106036354240144
0.09,RF|CSL|ISO,0.16072953826056374
0.09,RF|ROS|UNCAL,0.159827109533184
0.09,RF|ROS|PRIOR,0.1613083193749425
0.09,RF|ROS|PLATT,0.1613840111554024
0.09,RF|ROS|ISO,0.16117585875913767
0.09,RF|RUS|UNCAL,0.15982123689504485
0.09,RF|RUS|PRIOR,0.16017816279083424
0.09,RF|RUS|PLATT,0.16123980526331932
0.09,RF|RUS|ISO,0.16060947543638593
0.09,RF|SMOTE|UNCAL,0.15987996327643617
0.09,RF|SMOTE|PRIOR,0.14926419106693437
0.09,RF|SMOTE|PLATT,0.16083133065497535
0.09,RF|SMOTE|ISO,0.16000785628479947
0.09,HGB|NONE|UNCAL,0.1610042472224053
0.09,HGB|NONE|PRIOR,0.1610042472224053
0.09,HGB|NONE|PLATT,0.16104861826612316
0.09,HGB|NONE|ISO,0.16122675495634348
0.09,HGB|CSL|UNCAL,0.1601840354289734
0.09,HGB|CSL|PRIOR,0.16144534759818888
0.09,HGB|CSL|PLATT,0.16140619667726136
0.09,HGB|CSL|ISO,0.1612763461228517
0.09,HGB|ROS|UNCAL,0.1605859848838294
0.09,HGB|ROS|PRIOR,0.15982449947178884
0.09,HGB|ROS|PLATT,0.1606473213266159
0.09,HGB|ROS|ISO,0.16015140966153374
0.09,HGB|RUS|UNCAL,0.159827109533184
0.09,HGB|RUS|PRIOR,0.16121435716471644
0.09,HGB|RUS|PLATT,0.1610035947070565
0.09,HGB|RUS|ISO,0.16114127544565168
0.09,HGB|SMOTE|UNCAL,0.16163457704933865
0.09,HGB|SMOTE|PRIOR,0.11440094849631101
0.09,HGB|SMOTE|PLATT,0.16160978146608457
0.09,HGB|SMOTE|ISO,0.1616163066195725
0.1,Treat all,0.15048591730498978
0.1,Treat none,0.0
0.1,LR|NONE|UNCAL,0.15306560048558743
0.1,LR|NONE|PRIOR,0.15306560048558743
0.1,LR|NONE|PLATT,0.15244542089741306
0.1,LR|NONE|ISO,0.15291385441614053
0.1,LR|CSL|UNCAL,0.15076301882311025
0.1,LR|CSL|PRIOR,0.15294024503691386
0.1,LR|CSL|PLATT,0.1523200654487395
0.1,LR|CSL|ISO,0.1525377880701199
0.1,LR|ROS|UNCAL,0.15074322585753022
0.1,LR|ROS|PRIOR,0.15280169427785367
0.1,LR|ROS|PLATT,0.15257077634608657
0.1,LR|ROS|ISO,0.15224749124161274
0.1,LR|RUS|UNCAL,0.15089497192697715
0.1,LR|RUS|PRIOR,0.15218151468967928
0.1,LR|RUS|PLATT,0.15220790531045264
0.1,LR|RUS|ISO,0.15214192875851923
0.1,LR|SMOTE|UNCAL,0.1510203273756507
0.1,LR|SMOTE|PRIOR,0.15092136254775051
0.1,LR|SMOTE|PLATT,0.15237944434547962
0.1,LR|SMOTE|ISO,0.15148876089437813
0.1,RF|NONE|UNCAL,0.15137660075609127
0.1,RF|NONE|PRIOR,0.15137660075609127
0.1,RF|NONE|PLATT,0.15237284669028628
0.1,RF|NONE|ISO,0.15148876089437813
0.1,RF|CSL|UNCAL,0.1505057102705698
0.1,RF|CSL|PRIOR,0.15173287413653186
0.1,RF|CSL|PLATT,0.1518252413092387
0.1,RF|CSL|ISO,0.1516602999294051
0.1,RF|ROS|UNCAL,0.15049251496018315
0.1,RF|ROS|PRIOR,0.15299962393365396
0.1,RF|ROS|PLATT,0.15304580752000738
0.1,RF|ROS|ISO,0.15212873344813255
0.1,RF|RUS|UNCAL,0.15048591730498978
0.1,RF|RUS|PRIOR,0.1513106242041578
0.1,RF|RUS|PLATT,0.15241903027663967
0.1,RF|RUS|ISO,0.1514227843424447
0.1,RF|SMOTE|UNCAL,0.15065745634001676
0.1,RF|SMOTE|PRIOR,0.13592489229327898
0.1,RF|SMOTE|PLATT,0.15203636627542572
0.1,RF|SMOTE|ISO,0.15077621413349696
0.1,HGB|NONE|UNCAL,0.15226068655199942
0.1,HGB|NONE|PRIOR,0.15226068655199942
0.1,HGB|NONE|PLATT,0.1528214872434337
0.1,HGB|NONE|ISO,0.15284128020901372
0.1,HGB|CSL|UNCAL,0.15107970627239078
0.1,HGB|CSL|PRIOR,0.1529732333128806
0.1,HGB|CSL|PLATT,0.15316456531348757
0.1,HGB|CSL|ISO,0.15266974117398677
0.1,HGB|ROS|UNCAL,0.15144257730802474
0.1,HGB|ROS|PRIOR,0.15129742889377115
0.1,HGB|ROS|PLATT,0.15257077634608662
0.1,HGB|ROS|ISO,0.1519769873786856
0.1,HGB|RUS|UNCAL,0.1505189055809565
0.1,HGB|RUS|PRIOR,0.15272912007072686
0.1,HGB|RUS|PLATT,0.1527489130363069
0.1,HGB|RUS|ISO,0.15231346779354618
0.1,HGB|SMOTE|UNCAL,0.15299302627846062
0.1,HGB|SMOTE|PRIOR,0.09897802321055096
0.1,HGB|SMOTE|PLATT,0.15310518641674747
0.1,HGB|SMOTE|ISO,0.15303261220962072
0.11,Treat all,0.1409408152522369
0.11,Treat none,0.0
0.11,LR|NONE|UNCAL,0.14449220702018684
0.11,LR|NONE|PRIOR,0.14449220702018684
0.11,LR|NONE|PLATT,0.14441748301530039
0.11,LR|NONE|ISO,0.14452956902263003
0.11,LR|CSL|UNCAL,0.14138515620986503
0.11,LR|CSL|PRIOR,0.14454825002385163
0.11,LR|CSL|PLATT,0.14429138625705457
0.11,LR|CSL|ISO,0.14372361725564084
0.11,LR|ROS|UNCAL,0.14149590785996455
0.11,LR|ROS|PRIOR,0.1437769915448454
0.11,LR|ROS|PLATT,0.14406321117070497
0.11,LR|ROS|ISO,0.14414794285481727
0.11,LR|RUS|UNCAL,0.14144453510660515
0.11,LR|RUS|PRIOR,0.14378232897376586
0.11,LR|RUS|PLATT,0.14333732083752268
0.11,LR|RUS|ISO,0.14349677652652135
0.11,LR|SMOTE|UNCAL,0.14160999540313934
0.11,LR|SMOTE|PRIOR,0.14111961912107224
0.11,LR|SMOTE|PLATT,0.14364956042936947
0.11,LR|SMOTE|ISO,0.14356549592387224
0.11,RF|NONE|UNCAL,0.14222646844345227
0.11,RF|NONE|PRIOR,0.14222646844345227
0.11,RF|NONE|PLATT,0.14332998187275703
0.11,RF|NONE|ISO,0.14312382368070434
0.11,RF|CSL|UNCAL,0.14097751007606502
0.11,RF|CSL|PRIOR,0.1424513076367266
0.11,RF|CSL|PLATT,0.14367958346704707
0.11,RF|CSL|ISO,0.14320188357866603
0.11,RF|ROS|UNCAL,0.1409701711112994
0.11,RF|ROS|PRIOR,0.14457026691814853
0.11,RF|ROS|PLATT,0.14462564274319828
0.11,RF|ROS|ISO,0.14303575610351676
0.11,RF|RUS|UNCAL,0.1409408152522369
0.11,RF|RUS|PRIOR,0.14235723545200352
0.11,RF|RUS|PLATT,0.1442393463250801
0.11,RF|RUS|ISO,0.14288297220066865
0.11,RF|SMOTE|UNCAL,0.14121969591333083
0.11,RF|SMOTE|PRIOR,0.11918345343660369
0.11,RF|SMOTE|PLATT,0.14264879250678353
0.11,RF|SMOTE|ISO,0.14133711934958093
0.11,HGB|NONE|UNCAL,0.14462030531427783
0.11,HGB|NONE|PRIOR,0.14462030531427783
0.11,HGB|NONE|PLATT,0.14503996066314886
0.11,HGB|NONE|ISO,0.144261363219377
0.11,HGB|CSL|UNCAL,0.1417681167349079
0.11,HGB|CSL|PRIOR,0.14517873381508078
0.11,HGB|CSL|PLATT,0.14494922437150107
0.11,HGB|CSL|ISO,0.1446596688525662
0.11,HGB|ROS|UNCAL,0.14223647612267815
0.11,HGB|ROS|PRIOR,0.14273485854812593
0.11,HGB|ROS|PLATT,0.14418397050003035
0.11,HGB|ROS|ISO,0.14318120104159923
0.11,HGB|RUS|UNCAL,0.14105823868848696
0.11,HGB|RUS|PRIOR,0.14447552755481038
0.11,HGB|RUS|PLATT,0.14477308921712595
0.11,HGB|RUS|ISO,0.14375163875747324
0.11,HGB|SMOTE|UNCAL,0.1447423990008333
0.11,HGB|SMOTE|PRIOR,0.08397777227726075
0.11,HGB|SMOTE|PLATT,0.14470970724869547
0.11,HGB|SMOTE|ISO,0.14448753676988144
0.12,Treat all,0.13117877906192138
0.12,Treat none,0.0
0.12,LR|NONE|UNCAL,0.13545945770873033
0.12,LR|NONE|PRIOR,0.13545945770873033
0.12,LR|NONE|PLATT,0.13588320710819377
0.12,LR|NONE|ISO,0.1352543306109009
0.12,LR|CSL|UNCAL,0.13190212198584622
0.12,LR|CSL|PRIOR,0.1351976507549217
0.12,LR|CSL|PLATT,0.13598577065710848
0.12,LR|CSL|ISO,0.13487376586361208
0.12,LR|ROS|UNCAL,0.13190752006736806
0.12,LR|ROS|PRIOR,0.1350761939206806
0.12,LR|ROS|PLATT,0.1354162730565557
0.12,LR|ROS|ISO,0.13531101046688007
0.12,LR|RUS|UNCAL,0.13194800567878173
0.12,LR|RUS|PRIOR,0.13471452245871818
0.12,LR|RUS|PLATT,0.1348062898445892
0.12,LR|RUS|ISO,0.134938542841874
0.12,LR|SMOTE|UNCAL,0.13232857042607057
0.12,LR|SMOTE|PRIOR,0.1319749960863909
0.12,LR|SMOTE|PLATT,0.1350573006353542
0.12,LR|SMOTE|ISO,0.13392640255653143
0.12,RF|NONE|UNCAL,0.13331911838532587
0.12,RF|NONE|PRIOR,0.13331911838532587
0.12,RF|NONE|PLATT,0.13514906802122528
0.12,RF|NONE|ISO,0.13422059799947098
0.12,RF|CSL|UNCAL,0.13121656563257417
0.12,RF|CSL|PRIOR,0.1325148042385736
0.12,RF|CSL|PLATT,0.13496553324948315
0.12,RF|CSL|ISO,0.13470642533643545
0.12,RF|ROS|UNCAL,0.13124355604018334
0.12,RF|ROS|PRIOR,0.13592639176036836
0.12,RF|ROS|PLATT,0.13619899487722065
0.12,RF|ROS|ISO,0.1360289553092831
0.12,RF|RUS|UNCAL,0.13117877906192138
0.12,RF|RUS|PRIOR,0.1333515068744568
0.12,RF|RUS|PLATT,0.13484947449676388
0.12,RF|RUS|ISO,0.1342421903255583
0.12,RF|SMOTE|UNCAL,0.13144328505649094
0.12,RF|SMOTE|PRIOR,0.10269040383047864
0.12,RF|SMOTE|PLATT,0.13385622749674767
0.12,RF|SMOTE|ISO,0.13316527306195378
0.12,HGB|NONE|UNCAL,0.13679818192614346
0.12,HGB|NONE|PRIOR,0.13679818192614346
0.12,HGB|NONE|PLATT,0.13655526825766123
0.12,HGB|NONE|ISO,0.13548644811633948
0.12,HGB|CSL|UNCAL,0.13231777426302693
0.12,HGB|CSL|PRIOR,0.1365714625022267
0.12,HGB|CSL|PLATT,0.13674150207016428
0.12,HGB|CSL|ISO,0.1368494637006008
0.12,HGB|ROS|UNCAL,0.13289266994510152
0.12,HGB|ROS|PRIOR,0.13447430783099684
0.12,HGB|ROS|PLATT,0.13568887617340797
0.12,HGB|ROS|ISO,0.13419630663262275
0.12,HGB|RUS|UNCAL,0.13138660520051174
0.12,HGB|RUS|PRIOR,0.13663354043972775
0.12,HGB|RUS|PLATT,0.13681707521146982
0.12,HGB|RUS|ISO,0.13540007881199023
0.12,HGB|SMOTE|UNCAL,0.13701680422777746
0.12,HGB|SMOTE|PRIOR,0.0734462971859801
0.12,HGB|SMOTE|PLATT,0.13695472629027644
0.12,HGB|SMOTE|ISO,0.13712746489897493
0.13,Treat all,0.12119232824654116
0.13,Treat none,0.0
0.13,LR|NONE|UNCAL,0.12722577016817876
0.13,LR|NONE|PRIOR,0.12722577016817876
0.13,LR|NONE|PLATT,0.127046950961904
0.13,LR|NONE|ISO,0.1268394660813409
0.13,LR|CSL|UNCAL,0.12223794284201049
0.13,LR|CSL|PRIOR,0.12658625262512735
0.13,LR|CSL|PLATT,0.12680329273045327
0.13,LR|CSL|ISO,0.12675415157453043
0.13,LR|ROS|UNCAL,0.12229117909426024
0.13,LR|ROS|PRIOR,0.12664221894159505
0.13,LR|ROS|PLATT,0.1268858771730458
0.13,LR|ROS|ISO,0.12677053195983803
0.13,LR|RUS|UNCAL,0.12222292748881186
0.13,LR|RUS|PRIOR,0.1258443576739034
0.13,LR|RUS|PLATT,0.12659444281778118
0.13,LR|RUS|ISO,0.1254914968737352
0.13,LR|SMOTE|UNCAL,0.12278395568559762
0.13,LR|SMOTE|PRIOR,0.1238848540814801
0.13,LR|SMOTE|PLATT,0.12528469450922658
0.13,LR|SMOTE|ISO,0.12527240922024588
0.13,RF|NONE|UNCAL,0.1251481912983298
0.13,RF|NONE|PRIOR,0.1251481912983298
0.13,RF|NONE|PLATT,0.12643473406103195
0.13,RF|NONE|ISO,0.12575699561892945
0.13,RF|CSL|UNCAL,0.12134589435880004
0.13,RF|CSL|PRIOR,0.12085311776746269
0.13,RF|CSL|PLATT,0.1263944656138174
0.13,RF|CSL|ISO,0.1263944656138174
0.13,RF|ROS|UNCAL,0.12130767345974894
0.13,RF|ROS|PRIOR,0.12711861514762482
0.13,RF|ROS|PLATT,0.12779362352550938
0.13,RF|ROS|ISO,0.12783798706905083
0.13,RF|RUS|UNCAL,0.12119232824654116
0.13,RF|RUS|PRIOR,0.12499872028239783
0.13,RF|RUS|PLATT,0.12624499459788543
0.13,RF|RUS|ISO,0.12681284795521602
0.13,RF|SMOTE|UNCAL,0.12152744362929277
0.13,RF|SMOTE|PRIOR,0.08647273655494561
0.13,RF|SMOTE|PLATT,0.12486972474810039
0.13,RF|SMOTE|ISO,0.12433599719349399
0.13,HGB|NONE|UNCAL,0.12923100233625245
0.13,HGB|NONE|PRIOR,0.12923100233625245
0.13,HGB|NONE|PLATT,0.12982274375548997
0.13,HGB|NONE|ISO,0.1298602821384866
0.13,HGB|CSL|UNCAL,0.12279419342641486
0.13,HGB|CSL|PRIOR,0.12873208310042472
0.13,HGB|CSL|PLATT,0.1288897443090105
0.13,HGB|CSL|ISO,0.1284358711327787
0.13,HGB|ROS|UNCAL,0.12330881053149571
0.13,HGB|ROS|PRIOR,0.12535294611467498
0.13,HGB|ROS|PLATT,0.12800042589001798
0.13,HGB|ROS|ISO,0.12755883800276693
0.13,HGB|RUS|UNCAL,0.12162094832875706
0.13,HGB|RUS|PRIOR,0.12934976012973265
0.13,HGB|RUS|PLATT,0.1294951360493377
0.13,HGB|RUS|ISO,0.12936614051504028
0.13,HGB|SMOTE|UNCAL,0.12889588695350085
0.13,HGB|SMOTE|PRIOR,0.06278123927170076
0.13,HGB|SMOTE|PLATT,0.12884401573336007
0.13,HGB|SMOTE|ISO,0.12880852489852693
0.14,Treat all,0.1109736343889428
0.14,Treat none,0.0
0.14,LR|NONE|UNCAL,0.1177842557545746
0.14,LR|NONE|PRIOR,0.1177842557545746
0.14,LR|NONE|PLATT,0.1187191281520873
0.14,LR|NONE|ISO,0.11800934320035682
0.14,LR|CSL|UNCAL,0.1122965409721292
0.14,LR|CSL|PRIOR,0.11756745373624444
0.14,LR|CSL|PLATT,0.11828966682915311
0.14,LR|CSL|ISO,0.11845537537819525
0.14,LR|ROS|UNCAL,0.11225511383486866
0.14,LR|ROS|PRIOR,0.11760197635062823
0.14,LR|ROS|PLATT,0.11833523668013968
0.14,LR|ROS|ISO,0.11842637638211286
0.14,LR|RUS|UNCAL,0.11219573493812857
0.14,LR|RUS|PRIOR,0.11724708387476297
0.14,LR|RUS|PLATT,0.11738655523687345
0.14,LR|RUS|ISO,0.11743902961073678
0.14,LR|SMOTE|UNCAL,0.11283509375651614
0.14,LR|SMOTE|PRIOR,0.11556790391113604
0.14,LR|SMOTE|PLATT,0.11556099938825926
0.14,LR|SMOTE|ISO,0.11641716022497697
0.14,RF|NONE|UNCAL,0.11616307378311236
0.14,RF|NONE|PRIOR,0.11616307378311236
0.14,RF|NONE|PLATT,0.1175978336369022
0.14,RF|NONE|ISO,0.11765583162906693
0.14,RF|CSL|UNCAL,0.11131057510532848
0.14,RF|CSL|PRIOR,0.11063669367255713
0.14,RF|CSL|PLATT,0.11852027789323673
0.14,RF|CSL|ISO,0.11848437437427761
0.14,RF|ROS|UNCAL,0.11114762836543704
0.14,RF|ROS|PRIOR,0.11748874217544945
0.14,RF|ROS|PLATT,0.119343297020146
0.14,RF|ROS|ISO,0.11955457542017474
0.14,RF|RUS|UNCAL,0.1109736343889428
0.14,RF|RUS|PRIOR,0.11697228386426811
0.14,RF|RUS|PLATT,0.11821785979123484
0.14,RF|RUS|ISO,0.11686043059366467
0.14,RF|SMOTE|UNCAL,0.11168065753152259
0.14,RF|SMOTE|PRIOR,0.0716896610293539
0.14,RF|SMOTE|PLATT,0.11556514210198532
0.14,RF|SMOTE|ISO,0.11552233406014943
0.14,HGB|NONE|UNCAL,0.12260223181797467
0.14,HGB|NONE|PRIOR,0.12260223181797467
0.14,HGB|NONE|PLATT,0.12233985994865798
0.14,HGB|NONE|ISO,0.12167564484791407
0.14,HGB|CSL|UNCAL,0.11294280431339351
0.14,HGB|CSL|PRIOR,0.12064963274842817
0.14,HGB|CSL|PLATT,0.12029750208171364
0.14,HGB|CSL|ISO,0.12138013126878892
0.14,HGB|ROS|UNCAL,0.11373268173049436
0.14,HGB|ROS|PRIOR,0.11865836835077184
0.14,HGB|ROS|PLATT,0.11988737342283436
0.14,HGB|ROS|ISO,0.1200475583535751
0.14,HGB|RUS|UNCAL,0.11170689471845424
0.14,HGB|RUS|PRIOR,0.12188830415251814
0.14,HGB|RUS|PLATT,0.12113433025437641
0.14,HGB|RUS|ISO,0.12120751819687005
0.14,HGB|SMOTE|UNCAL,0.12123099357465097
0.14,HGB|SMOTE|PRIOR,0.053529384958911186
0.14,HGB|SMOTE|PLATT,0.12133179960865162
0.14,HGB|SMOTE|ISO,0.12109428402169124
0.15,Treat all,0.10051450067587156
0.15,Treat none,0.0
0.15,LR|NONE|UNCAL,0.10912793357946468
0.15,LR|NONE|PRIOR,0.10912793357946468
0.15,LR|NONE|PLATT,0.1091768338473683
0.15,LR|NONE|ISO,0.10863543802414977
0.15,LR|CSL|UNCAL,0.10227840319668038
0.15,LR|CSL|PRIOR,0.10922922699155074
0.15,LR|CSL|PLATT,0.10872974568367812
0.15,LR|CSL|ISO,0.10893233250785025
0.15,LR|ROS|UNCAL,0.1021142380115754
0.15,LR|ROS|PRIOR,0.10937243491898274
0.15,LR|ROS|PLATT,0.10970076528919268
0.15,LR|ROS|ISO,0.10891137525017726
0.15,LR|RUS|UNCAL,0.10196404433158573
0.15,LR|RUS|PRIOR,0.1091069763217917
0.15,LR|RUS|PLATT,0.10943181381572283
0.15,LR|RUS|ISO,0.10916984809481063
0.15,LR|SMOTE|UNCAL,0.10297697845244624
0.15,LR|SMOTE|PRIOR,0.10648033336011205
0.15,LR|SMOTE|PLATT,0.10827567176743035
0.15,LR|SMOTE|ISO,0.10671086319451481
0.15,RF|NONE|UNCAL,0.10843634407625649
0.15,RF|NONE|PRIOR,0.10843634407625649
0.15,RF|NONE|PLATT,0.11020373947334412
0.15,RF|NONE|ISO,0.10972521542314449
0.15,RF|CSL|UNCAL,0.10097905322095585
0.15,RF|CSL|PRIOR,0.09927802247316599
0.15,RF|CSL|PLATT,0.11038187616356442
0.15,RF|CSL|ISO,0.10968679378407736
0.15,RF|ROS|UNCAL,0.10079043790189907
0.15,RF|ROS|PRIOR,0.10827567176743033
0.15,RF|ROS|PLATT,0.1105460413486694
0.15,RF|ROS|ISO,0.1094632497022323
0.15,RF|RUS|UNCAL,0.10052497930470805
0.15,RF|RUS|PRIOR,0.10832107915905512
0.15,RF|RUS|PLATT,0.11022469673101709
0.15,RF|RUS|ISO,0.10937592779526156
0.15,RF|SMOTE|UNCAL,0.10213170239296954
0.15,RF|SMOTE|PRIOR,0.05856505656713133
0.15,RF|SMOTE|PLATT,0.107095079585186
0.15,RF|SMOTE|ISO,0.10565950743458716
0.15,HGB|NONE|UNCAL,0.11421705431771903
0.15,HGB|NONE|PRIOR,0.11421705431771903
0.15,HGB|NONE|PLATT,0.11382235929821129
0.15,HGB|NONE|ISO,0.11329842785638691
0.15,HGB|CSL|UNCAL,0.10292807818454264
0.15,HGB|CSL|PRIOR,0.1130329692591959
0.15,HGB|CSL|PLATT,0.11302249063035939
0.15,HGB|CSL|ISO,0.11323904895964682
0.15,HGB|ROS|UNCAL,0.10392704080028783
0.15,HGB|ROS|PRIOR,0.10980205870127875
0.15,HGB|ROS|PLATT,0.11236233701366063
0.15,HGB|ROS|ISO,0.11215276443693088
0.15,HGB|RUS|UNCAL,0.10166016409532758
0.15,HGB|RUS|PRIOR,0.113787430535423
0.15,HGB|RUS|PLATT,0.11326000621731977
0.15,HGB|RUS|ISO,0.11336479250568465
0.15,HGB|SMOTE|UNCAL,0.11364771548426982
0.15,HGB|SMOTE|PRIOR,0.04640984711680528
0.15,HGB|SMOTE|PLATT,0.11387475244239373
0.15,HGB|SMOTE|ISO,0.11364072973171216
0.16,Treat all,0.08980633996963192
0.16,Treat none,0.0
0.16,LR|NONE|UNCAL,0.1009045385270075
0.16,LR|NONE|PRIOR,0.1009045385270075
0.16,LR|NONE|PLATT,0.10109681304978495
0.16,LR|NONE|ISO,0.10101198605444198
0.16,LR|CSL|UNCAL,0.09205425534622136
0.16,LR|CSL|PRIOR,0.10118446761163938
0.16,LR|CSL|PLATT,0.10138522483395114
0.16,LR|CSL|ISO,0.10127212217349384
0.16,LR|ROS|UNCAL,0.09185067055739818
0.16,LR|ROS|PRIOR,0.10132301837069961
0.16,LR|ROS|PLATT,0.10166798148509448
0.16,LR|ROS|ISO,0.10108550278373922
0.16,LR|RUS|UNCAL,0.09175736086252087
0.16,LR|RUS|PRIOR,0.1011590195130365
0.16,LR|RUS|PLATT,0.10180653224415472
0.16,LR|RUS|ISO,0.10172170524881172
0.16,LR|SMOTE|UNCAL,0.09268480267827098
0.16,LR|SMOTE|PRIOR,0.09805435148348278
0.16,LR|SMOTE|PLATT,0.10026550849542355
0.16,LR|SMOTE|ISO,0.09853503779042642
0.16,RF|NONE|UNCAL,0.10039557655494952
0.16,RF|NONE|PRIOR,0.10039557655494952
0.16,RF|NONE|PLATT,0.10175846361346035
0.16,RF|NONE|ISO,0.10035033549076658
0.16,RF|CSL|UNCAL,0.09044537000121583
0.16,RF|CSL|PRIOR,0.08676105083681832
0.16,RF|CSL|PLATT,0.10171605011578884
0.16,RF|CSL|ISO,0.10203839269809223
0.16,RF|ROS|UNCAL,0.09028985384308699
0.16,RF|ROS|PRIOR,0.10041536952052954
0.16,RF|ROS|PLATT,0.10195356570274923
0.16,RF|ROS|ISO,0.10198184136786358
0.16,RF|RUS|UNCAL,0.0898289605017234
0.16,RF|RUS|PRIOR,0.1008451596302674
0.16,RF|RUS|PLATT,0.101116606015365
0.16,RF|RUS|ISO,0.10171322254927741
0.16,RF|SMOTE|UNCAL,0.09272438860943108
0.16,RF|SMOTE|PRIOR,0.04738718716511009
0.16,RF|SMOTE|PLATT,0.09816179901091722
0.16,RF|SMOTE|ISO,0.09884324254017264
0.16,HGB|NONE|UNCAL,0.10627408733221927
0.16,HGB|NONE|PRIOR,0.10627408733221927
0.16,HGB|NONE|PLATT,0.10693856546240608
0.16,HGB|NONE|ISO,0.10530140445228624
0.16,HGB|CSL|UNCAL,0.09276680210710256
0.16,HGB|CSL|PRIOR,0.10519961205787463
0.16,HGB|CSL|PLATT,0.10635043162802799
0.16,HGB|CSL|ISO,0.1056378848671468
0.16,HGB|ROS|UNCAL,0.09399679353957602
0.16,HGB|ROS|PRIOR,0.10222501208784683
0.16,HGB|ROS|PLATT,0.10400355142353834
0.16,HGB|ROS|ISO,0.10495644133789135
0.16,HGB|RUS|UNCAL,0.0912653642895315
0.16,HGB|RUS|PRIOR,0.10563788486714679
0.16,HGB|RUS|PLATT,0.10596022744945018
0.16,HGB|RUS|ISO,0.10533533525042343
0.16,HGB|SMOTE|UNCAL,0.10619208790338772
0.16,HGB|SMOTE|PRIOR,0.0401797201274667
0.16,HGB|SMOTE|PLATT,0.10596871014898447
0.16,HGB|SMOTE|ISO,0.10591215881875582
0.17,Treat all,0.07884015129456723
0.17,Treat none,0.0
0.17,LR|NONE|UNCAL,0.09365053587665786
0.17,LR|NONE|PRIOR,0.09365053587665786
0.17,LR|NONE|PLATT,0.0935553865601948
0.17,LR|NONE|ISO,0.09355824819377265
0.17,LR|CSL|UNCAL,0.08152650981576087
0.17,LR|CSL|PRIOR,0.09377787857087155
0.17,LR|CSL|PLATT,0.09351603909849955
0.17,LR|CSL|ISO,0.0933443410838294
0.17,LR|ROS|UNCAL,0.08134050363320153
0.17,LR|ROS|PRIOR,0.0934766916368043
0.17,LR|ROS|PLATT,0.0932062672636988
0.17,LR|ROS|ISO,0.09202012014568575
0.17,LR|RUS|UNCAL,0.08154439502562236
0.17,LR|RUS|PRIOR,0.09432301976744933
0.17,LR|RUS|PLATT,0.09370848395660902
0.17,LR|RUS|ISO,0.09352462399923307
0.17,LR|SMOTE|UNCAL,0.08257816015561562
0.17,LR|SMOTE|PRIOR,0.09119382345008557
0.17,LR|SMOTE|PLATT,0.09138412208301169
0.17,LR|SMOTE|ISO,0.09095201541275845
0.17,RF|NONE|UNCAL,0.09320340563012097
0.17,RF|NONE|PRIOR,0.09320340563012097
0.17,RF|NONE|PLATT,0.09225119705709599
0.17,RF|NONE|ISO,0.09170605586051825
0.17,RF|CSL|UNCAL,0.07976875139057504
0.17,RF|CSL|PRIOR,0.07753166934110171
0.17,RF|CSL|PLATT,0.09357112554487292
0.17,RF|CSL|ISO,0.09317550470273708
0.17,RF|ROS|UNCAL,0.07952265090288113
0.17,RF|ROS|PRIOR,0.09090408305032967
0.17,RF|ROS|PLATT,0.09454908882009837
0.17,RF|ROS|ISO,0.09466570038839518
0.17,RF|RUS|UNCAL,0.07888879906539045
0.17,RF|RUS|PRIOR,0.0941320057261288
0.17,RF|RUS|PLATT,0.09393741464283592
0.17,RF|RUS|ISO,0.09387803574609581
0.17,RF|SMOTE|UNCAL,0.08339014868332659
0.17,RF|SMOTE|PRIOR,0.03803325647462482
0.17,RF|SMOTE|PLATT,0.09128324949939297
0.17,RF|SMOTE|ISO,0.09127251837347608
0.17,HGB|NONE|UNCAL,0.10014787491513469
0.17,HGB|NONE|PRIOR,0.10014787491513469
0.17,HGB|NONE|PLATT,0.09995543005702517
0.17,HGB|NONE|ISO,0.09894169636207677
0.17,HGB|CSL|UNCAL,0.08228412730549295
0.17,HGB|CSL|PRIOR,0.09803169688432489
0.17,HGB|CSL|PLATT,0.0981397235518882
0.17,HGB|CSL|ISO,0.09667027470966937
0.17,HGB|ROS|UNCAL,0.08447542321772092
0.17,HGB|ROS|PRIOR,0.09514788564626057
0.17,HGB|ROS|PLATT,0.09779990456452016
0.17,HGB|ROS|ISO,0.09800808840730774
0.17,HGB|RUS|UNCAL,0.08061364870443116
0.17,HGB|RUS|PRIOR,0.09814401600225495
0.17,HGB|RUS|PLATT,0.09819552540665602
0.17,HGB|RUS|ISO,0.09738496769573392
0.17,HGB|SMOTE|UNCAL,0.09910194784243558
0.17,HGB|SMOTE|PRIOR,0.0349419768021674
0.17,HGB|SMOTE|PLATT,0.09869702669117178
0.17,HGB|SMOTE|ISO,0.098178355605189
0.18,Treat all,0.06760649460303758
0.18,Treat none,0.0
0.18,LR|NONE|UNCAL,0.08652663867651683
0.18,LR|NONE|PRIOR,0.08652663867651683
0.18,LR|NONE|PLATT,0.08693504962482676
0.18,LR|NONE|ISO,0.08639050169374685
0.18,LR|CSL|UNCAL,0.07070433509394178
0.18,LR|CSL|PRIOR,0.08644843232471278
0.18,LR|CSL|PLATT,0.08623988205323536
0.18,LR|CSL|ISO,0.08665263779886775
0.18,LR|ROS|UNCAL,0.07072316254900571
0.18,LR|ROS|PRIOR,0.0855722315313528
0.18,LR|ROS|PLATT,0.08632532973391015
0.18,LR|ROS|ISO,0.08544478414322768
0.18,LR|RUS|UNCAL,0.07102874662735109
0.18,LR|RUS|PRIOR,0.08690753257511794
0.18,LR|RUS|PLATT,0.0868858085885057
0.18,LR|RUS|ISO,0.08688146379118326
0.18,LR|SMOTE|UNCAL,0.07270583839381534
0.18,LR|SMOTE|PRIOR,0.08420362037478224
0.18,LR|SMOTE|PLATT,0.08364603805173494
0.18,LR|SMOTE|ISO,0.08429341285277944
0.18,RF|NONE|UNCAL,0.08628333002645984
0.18,RF|NONE|PRIOR,0.08628333002645984
0.18,RF|NONE|PLATT,0.08532168155242507
0.18,RF|NONE|ISO,0.08444548075906508
0.18,RF|CSL|UNCAL,0.06900407107509116
0.18,RF|CSL|PRIOR,0.06876076242503415
0.18,RF|CSL|PLATT,0.08634126065742576
0.18,RF|CSL|ISO,0.08508126943391638
0.18,RF|ROS|UNCAL,0.0685956601267812
0.18,RF|ROS|PRIOR,0.08292914649353132
0.18,RF|ROS|PLATT,0.0876432515883855
0.18,RF|ROS|ISO,0.0861399517148191
0.18,RF|RUS|UNCAL,0.06768470095484166
0.18,RF|RUS|PRIOR,0.08565767921202758
0.18,RF|RUS|PLATT,0.08611967599398103
0.18,RF|RUS|ISO,0.08533181941284411
0.18,RF|SMOTE|UNCAL,0.07402955331138728
0.18,RF|SMOTE|PRIOR,0.029937101817428723
0.18,RF|SMOTE|PLATT,0.08453672150283645
0.18,RF|SMOTE|ISO,0.0842948611185536
0.18,HGB|NONE|UNCAL,0.09221542663737309
0.18,HGB|NONE|PRIOR,0.09221542663737309
0.18,HGB|NONE|PLATT,0.09241673557997977
0.18,HGB|NONE|ISO,0.09246452835052668
0.18,HGB|CSL|UNCAL,0.07222501415679797
0.18,HGB|CSL|PRIOR,0.0904123357485579
0.18,HGB|CSL|PLATT,0.09108143453621463
0.18,HGB|CSL|ISO,0.09038771523039739
0.18,HGB|ROS|UNCAL,0.07492458155981124
0.18,HGB|ROS|PRIOR,0.08800676629769683
0.18,HGB|ROS|PLATT,0.09004592450769827
0.18,HGB|ROS|ISO,0.0908757807962855
0.18,HGB|RUS|UNCAL,0.06979482418777638
0.18,HGB|RUS|PRIOR,0.09136384636217364
0.18,HGB|RUS|PLATT,0.0910510209549575
0.18,HGB|RUS|ISO,0.09077005739477263
0.18,HGB|SMOTE|UNCAL,0.09176646424738698
0.18,HGB|SMOTE|PRIOR,0.030863991912883915
0.18,HGB|SMOTE|PLATT,0.0920763931230548
0.18,HGB|SMOTE|ISO,0.09133777757823897
0.19,Treat all,0.05609546367221088
0.19,Treat none,0.0
0.19,LR|NONE|UNCAL,0.07932434146237759
0.19,LR|NONE|PRIOR,0.07932434146237759
0.19,LR|NONE|PLATT,0.07935586359274581
0.19,LR|NONE|ISO,0.07952300419097721
0.19,LR|CSL|UNCAL,0.05998294872668922
0.19,LR|CSL|PRIOR,0.08006694420802847
0.19,LR|CSL|PLATT,0.07944383232865705
0.19,LR|CSL|ISO,0.08013365383276118
0.19,LR|ROS|UNCAL,0.05998954638188253
0.19,LR|ROS|PRIOR,0.08008013951841515
0.19,LR|ROS|PLATT,0.07935146515595026
0.19,LR|ROS|ISO,0.07978764347151023
0.19,LR|RUS|UNCAL,0.060839177756225465
0.19,LR|RUS|PRIOR,0.07860519704630307
0.19,LR|RUS|PLATT,0.07911834800578542
0.19,LR|RUS|ISO,0.07897319959153185
0.19,LR|SMOTE|UNCAL,0.06252524519452454
0.19,LR|SMOTE|PRIOR,0.07651667264121001
0.19,LR|SMOTE|PLATT,0.07720136263571928
0.19,LR|SMOTE|ISO,0.07702615823669601
0.19,RF|NONE|UNCAL,0.07748506180903307
0.19,RF|NONE|PRIOR,0.07748506180903307
0.19,RF|NONE|PLATT,0.07806052395645256
0.19,RF|NONE|ISO,0.07800261120531096
0.19,RF|CSL|UNCAL,0.058392180752293965
0.19,RF|CSL|PRIOR,0.06042572469744253
0.19,RF|CSL|PLATT,0.07957505235972469
0.19,RF|CSL|ISO,0.07898566182911927
0.19,RF|ROS|UNCAL,0.057546947814746674
0.19,RF|ROS|PRIOR,0.07346489057788862
0.19,RF|ROS|PLATT,0.08111230601977391
0.19,RF|ROS|ISO,0.07990346897379337
0.19,RF|RUS|UNCAL,0.0562347475040704
0.19,RF|RUS|PRIOR,0.07929795084160422
0.19,RF|RUS|PLATT,0.0785714756975371
0.19,RF|RUS|ISO,0.07872395483978327
0.19,RF|SMOTE|UNCAL,0.0648109661826187
0.19,RF|SMOTE|PRIOR,0.02438126823060418
0.19,RF|SMOTE|PLATT,0.077935168507779
0.19,RF|SMOTE|ISO,0.07699536917912708
0.19,HGB|NONE|UNCAL,0.08554886260089832
0.19,HGB|NONE|PRIOR,0.08554886260089832
0.19,HGB|NONE|PLATT,0.08519698765725328
0.19,HGB|NONE|ISO,0.08412743444313227
0.19,HGB|CSL|UNCAL,0.06185888201999676
0.19,HGB|CSL|PRIOR,0.0838276076682347
0.19,HGB|CSL|PLATT,0.08408784851197221
0.19,HGB|CSL|ISO,0.08428577816777251
0.19,HGB|ROS|UNCAL,0.06590837616311163
0.19,HGB|ROS|PRIOR,0.08084693366644163
0.19,HGB|ROS|PLATT,0.08332032129114646
0.19,HGB|ROS|ISO,0.08271993466855213
0.19,HGB|RUS|UNCAL,0.059032153306048385
0.19,HGB|RUS|PRIOR,0.08368612461797745
0.19,HGB|RUS|PLATT,0.0830989333057698
0.19,HGB|RUS|ISO,0.08224270427623356
0.19,HGB|SMOTE|UNCAL,0.08547995375776782
0.19,HGB|SMOTE|PRIOR,0.026917700116045426
0.19,HGB|SMOTE|PLATT,0.08531574545073349
0.19,HGB|SMOTE|ISO,0.08460979634504565
0.2,Treat all,0.044296656968113524
0.2,Treat none,0.0
0.2,LR|NONE|UNCAL,0.0734516952675019
0.2,LR|NONE|PRIOR,0.0734516952675019
0.2,LR|NONE|PLATT,0.07404548423490291
0.2,LR|NONE|ISO,0.07245709874710528
0.2,LR|CSL|UNCAL,0.04946262098450213
0.2,LR|CSL|PRIOR,0.07429784454604832
0.2,LR|CSL|PLATT,0.07354076361261207
0.2,LR|CSL|ISO,0.07345169526750193
0.2,LR|ROS|UNCAL,0.049462620984502104
0.2,LR|ROS|PRIOR,0.07276883795499078
0.2,LR|ROS|PLATT,0.07296181936939612
0.2,LR|ROS|ISO,0.07318449023217148
0.2,LR|RUS|UNCAL,0.050353304435603596
0.2,LR|RUS|PRIOR,0.07123983136393326
0.2,LR|RUS|PLATT,0.07152188112344873
0.2,LR|RUS|ISO,0.07259070126477049
0.2,LR|SMOTE|UNCAL,0.05265423668428243
0.2,LR|SMOTE|PRIOR,0.06893889911525443
0.2,LR|SMOTE|PLATT,0.07033430318864675
0.2,LR|SMOTE|ISO,0.06957722225521049
0.2,RF|NONE|UNCAL,0.0715664152960038
0.2,RF|NONE|PRIOR,0.0715664152960038
0.2,RF|NONE|PLATT,0.07161094946855885
0.2,RF|NONE|ISO,0.07014132177424144
0.2,RF|CSL|UNCAL,0.04769609880648418
0.2,RF|CSL|PRIOR,0.05252063416661718
0.2,RF|CSL|PLATT,0.07221958316014487
0.2,RF|CSL|ISO,0.07211567009084972
0.2,RF|ROS|UNCAL,0.04627100528472178
0.2,RF|ROS|PRIOR,0.0654206994834036
0.2,RF|ROS|PLATT,0.07290244047265601
0.2,RF|ROS|ISO,0.07290244047265602
0.2,RF|RUS|UNCAL,0.04448963838251885
0.2,RF|RUS|PRIOR,0.0717445519862241
0.2,RF|RUS|PLATT,0.07193753340062942
0.2,RF|RUS|ISO,0.07187815450388932
0.2,RF|SMOTE|UNCAL,0.055875541832432735
0.2,RF|SMOTE|PRIOR,0.01822932129921026
0.2,RF|SMOTE|PLATT,0.07058666349979217
0.2,RF|SMOTE|ISO,0.0692209488747699
0.2,HGB|NONE|UNCAL,0.07829107535181995
0.2,HGB|NONE|PRIOR,0.07829107535181995
0.2,HGB|NONE|PLATT,0.07833560952437503
0.2,HGB|NONE|ISO,0.07839498842111513
0.2,HGB|CSL|UNCAL,0.05140727985274035
0.2,HGB|CSL|PRIOR,0.07731132355560834
0.2,HGB|CSL|PLATT,0.0776527522118639
0.2,HGB|CSL|ISO,0.07799418086811946
0.2,HGB|ROS|UNCAL,0.0565583991449439
0.2,HGB|ROS|PRIOR,0.07475803099578408
0.2,HGB|ROS|PLATT,0.07695505017516774
0.2,HGB|ROS|ISO,0.07689567127842764
0.2,HGB|RUS|UNCAL,0.04802268273855473
0.2,HGB|RUS|PRIOR,0.07659877679472715
0.2,HGB|RUS|PLATT,0.07711834214120303
0.2,HGB|RUS|ISO,0.07656908734635712
0.2,HGB|SMOTE|UNCAL,0.08022088949587314
0.2,HGB|SMOTE|PRIOR,0.023781248144409475
0.2,HGB|SMOTE|PLATT,0.07894424321596104
0.2,HGB|SMOTE|ISO,0.07774182055697405
0.21,Treat all,0.03219914629682383
0.21,Treat none,0.0
0.21,LR|NONE|UNCAL,0.06819779035340967
0.21,LR|NONE|PRIOR,0.06819779035340967
0.21,LR|NONE|PLATT,0.06830076388319944
0.21,LR|NONE|ISO,0.06674488646228802
0.21,LR|CSL|UNCAL,0.03922389527065881
0.21,LR|CSL|PRIOR,0.06750854417226196
0.21,LR|CSL|PLATT,0.06787383713195419
0.21,LR|CSL|ISO,0.06670129182923833
0.21,LR|ROS|UNCAL,0.03908935321348819
0.21,LR|ROS|PRIOR,0.06707259784176502
0.21,LR|ROS|PLATT,0.06712972184369222
0.21,LR|ROS|ISO,0.06671782772453304
0.21,LR|RUS|UNCAL,0.03948997285858277
0.21,LR|RUS|PRIOR,0.06664341619570682
0.21,LR|RUS|PLATT,0.06642469139885407
0.21,LR|RUS|ISO,0.06666596514383598
0.21,LR|SMOTE|UNCAL,0.04190947499284073
0.21,LR|SMOTE|PRIOR,0.061829215770133034
0.21,LR|SMOTE|PLATT,0.06300852575728765
0.21,LR|SMOTE|ISO,0.0628251276458372
0.21,RF|NONE|UNCAL,0.06527093688624583
0.21,RF|NONE|PRIOR,0.06527093688624583
0.21,RF|NONE|PLATT,0.06509580672244274
0.21,RF|NONE|ISO,0.06476508881654852
0.21,RF|CSL|UNCAL,0.03691037319260787
0.21,RF|CSL|PRIOR,0.0449610993063192
0.21,RF|CSL|PLATT,0.0660744310712479
0.21,RF|CSL|ISO,0.06589028132819319
0.21,RF|ROS|UNCAL,0.03526805813720135
0.21,RF|ROS|PRIOR,0.05890085903976057
0.21,RF|ROS|PLATT,0.068472135888981
0.21,RF|ROS|ISO,0.06892687300958554
0.21,RF|RUS|UNCAL,0.03250280546496309
0.21,RF|RUS|PRIOR,0.06577227516631727
0.21,RF|RUS|PLATT,0.06560541295016156
0.21,RF|RUS|ISO,0.06569109895305235
0.21,RF|SMOTE|UNCAL,0.04814651404536399
0.21,RF|SMOTE|PRIOR,0.014048746316065602
0.21,RF|SMOTE|PLATT,0.06392175815651827
0.21,RF|SMOTE|ISO,0.0632280021857447
0.21,HGB|NONE|UNCAL,0.07320140194326835
0.21,HGB|NONE|PRIOR,0.07320140194326835
0.21,HGB|NONE|PLATT,0.07248810355078288
0.21,HGB|NONE|ISO,0.07292780803930132
0.21,HGB|CSL|UNCAL,0.040612910475414515
0.21,HGB|CSL|PRIOR,0.07155983851946615
0.21,HGB|CSL|PLATT,0.0716117011001632
0.21,HGB|CSL|ISO,0.07148392372743134
0.21,HGB|ROS|UNCAL,0.047309196438168166
0.21,HGB|ROS|PRIOR,0.06926661049473143
0.21,HGB|ROS|PLATT,0.07087810865436148
0.21,HGB|ROS|ISO,0.06980553035501816
0.21,HGB|RUS|UNCAL,0.03710805230454009
0.21,HGB|RUS|PRIOR,0.07085631133783661
0.21,HGB|RUS|PLATT,0.0708999059708863
0.21,HGB|RUS|ISO,0.07089614781286478
0.21,HGB|SMOTE|UNCAL,0.07250388781447327
0.21,HGB|SMOTE|PRIOR,0.020189576523237822
0.21,HGB|SMOTE|PLATT,0.07136892409197267
0.21,HGB|SMOTE|ISO,0.06850821420598766
0.22,Treat all,0.01979144304421901
0.22,Treat none,0.0
0.22,LR|NONE|UNCAL,0.0625320684105792
0.22,LR|NONE|PRIOR,0.0625320684105792
0.22,LR|NONE|PLATT,0.06255186137615922
0.22,LR|NONE|ISO,0.06262494309522396
0.22,LR|CSL|UNCAL,0.027874585679941694
0.22,LR|CSL|PRIOR,0.0621103259901431
0.22,LR|CSL|PLATT,0.06228694014454955
0.22,LR|CSL|ISO,0.06228237253710801
0.22,LR|ROS|UNCAL,0.028176047771083707
0.22,LR|ROS|PRIOR,0.061473906019954366
0.22,LR|ROS|PLATT,0.06171598921435631
0.22,LR|ROS|ISO,0.06034570698189248
0.22,LR|RUS|UNCAL,0.028809422669644758
0.22,LR|RUS|PRIOR,0.06019193086469378
0.22,LR|RUS|PLATT,0.0601584350767891
0.22,LR|RUS|ISO,0.060423356308398776
0.22,LR|SMOTE|UNCAL,0.03197325209082236
0.22,LR|SMOTE|PRIOR,0.05708443526862861
0.22,LR|SMOTE|PLATT,0.05598364187521601
0.22,LR|SMOTE|ISO,0.057289977603498174
0.22,RF|NONE|UNCAL,0.05948699678288184
0.22,RF|NONE|PRIOR,0.05948699678288184
0.22,RF|NONE|PLATT,0.05987372087959941
0.22,RF|NONE|ISO,0.056789063320741975
0.22,RF|CSL|UNCAL,0.026842306398152244
0.22,RF|CSL|PRIOR,0.03896169147638775
0.22,RF|CSL|PLATT,0.05875161198479291
0.22,RF|CSL|ISO,0.05945806860241869
0.22,RF|ROS|UNCAL,0.023938830601142796
0.22,RF|ROS|PRIOR,0.05186213742712762
0.22,RF|ROS|PLATT,0.06283657557334892
0.22,RF|ROS|ISO,0.06363286180399177
0.22,RF|RUS|UNCAL,0.020368484117667673
0.22,RF|RUS|PRIOR,0.060371590090727914
0.22,RF|RUS|PLATT,0.06065325921628992
0.22,RF|RUS|ISO,0.06060149299861908
0.22,RF|SMOTE|UNCAL,0.040050304583289564
0.22,RF|SMOTE|PRIOR,0.01183314834523195
0.22,RF|SMOTE|PLATT,0.058119759622045714
0.22,RF|SMOTE|ISO,0.05789442432159611
0.22,HGB|NONE|UNCAL,0.0661694064698637
0.22,HGB|NONE|PRIOR,0.0661694064698637
0.22,HGB|NONE|PLATT,0.06522086665783595
0.22,HGB|NONE|ISO,0.06690326873213877
0.22,HGB|CSL|UNCAL,0.030450716276973627
0.22,HGB|CSL|PRIOR,0.06584206126988622
0.22,HGB|CSL|PLATT,0.06620594732939607
0.22,HGB|CSL|ISO,0.06429516488301597
0.22,HGB|ROS|UNCAL,0.03792788965878452
0.22,HGB|ROS|PRIOR,0.06315478555844331
0.22,HGB|ROS|PLATT,0.06485241299088457
0.22,HGB|ROS|ISO,0.06462707769043498
0.22,HGB|RUS|UNCAL,0.026208931499591193
0.22,HGB|RUS|PRIOR,0.06398456757699084
0.22,HGB|RUS|PLATT,0.06413986623000341
0.22,HGB|RUS|ISO,0.06350040118818695
0.22,HGB|SMOTE|UNCAL,0.06608109939266048
0.22,HGB|SMOTE|PRIOR,0.01761421683041539
0.22,HGB|SMOTE|PLATT,0.06632318258706238
0.22,HGB|SMOTE|ISO,0.06400131547094315
0.23,Treat all,0.007061461785053014
0.23,Treat none,0.0
0.23,LR|NONE|UNCAL,0.05697752161738859
0.23,LR|NONE|PRIOR,0.05697752161738859
0.23,LR|NONE|PLATT,0.056844111888349175
0.23,LR|NONE|ISO,0.05662510400946362
0.23,LR|CSL|UNCAL,0.017475903349663785
0.23,LR|CSL|PRIOR,0.05650865967949274
0.23,LR|CSL|PLATT,0.056305074890669576
0.23,LR|CSL|ISO,0.056287338337097856
0.23,LR|ROS|UNCAL,0.017552247645472474
0.23,LR|ROS|PRIOR,0.05463321192790939
0.23,LR|ROS|PLATT,0.0544974887353606
0.23,LR|ROS|ISO,0.0540556172050739
0.23,LR|RUS|UNCAL,0.01834268101116862
0.23,LR|RUS|PRIOR,0.05415509613597612
0.23,LR|RUS|PLATT,0.05390138630445024
0.23,LR|RUS|ISO,0.05499951031689053
0.23,LR|SMOTE|UNCAL,0.021770462777528837
0.23,LR|SMOTE|PRIOR,0.05176220371280048
0.23,LR|SMOTE|PLATT,0.05229121570193952
0.23,LR|SMOTE|ISO,0.0516704363269294
0.23,RF|NONE|UNCAL,0.05399623830833378
0.23,RF|NONE|PRIOR,0.05399623830833378
0.23,RF|NONE|PLATT,0.05415740959948549
0.23,RF|NONE|ISO,0.05232823111808921
0.23,RF|CSL|UNCAL,0.016708604619061235
0.23,RF|CSL|PRIOR,0.03321208214029305
0.23,RF|CSL|PLATT,0.05226730991234285
0.23,RF|CSL|ISO,0.05238452539681682
0.23,RF|ROS|UNCAL,0.012805020524277094
0.23,RF|ROS|PRIOR,0.045358536718907244
0.23,RF|ROS|PLATT,0.05560409544733516
0.23,RF|ROS|ISO,0.05450982720741049
0.23,RF|RUS|UNCAL,0.007918214438017296
0.23,RF|RUS|PRIOR,0.05528252401953486
0.23,RF|RUS|PLATT,0.055203095105713695
0.23,RF|RUS|ISO,0.0554059087400338
0.23,RF|SMOTE|UNCAL,0.03351900163253407
0.23,RF|SMOTE|PRIOR,0.009213754003255813
0.23,RF|SMOTE|PLATT,0.05242231196746962
0.23,RF|SMOTE|ISO,0.05124398788670506
0.23,HGB|NONE|UNCAL,0.06053177272226022
0.23,HGB|NONE|PRIOR,0.06053177272226022
0.23,HGB|NONE|PLATT,0.06024798786511272
0.23,HGB|NONE|ISO,0.061059242402393035
0.23,HGB|CSL|UNCAL,0.020770275386984588
0.23,HGB|CSL|PRIOR,0.06005519923933318
0.23,HGB|CSL|PLATT,0.060733044047574056
0.23,HGB|CSL|ISO,0.059839275978460116
0.23,HGB|ROS|UNCAL,0.028936801575005944
0.23,HGB|ROS|PRIOR,0.0586971961593421
0.23,HGB|ROS|PLATT,0.059588650764946724
0.23,HGB|ROS|ISO,0.05989942602970334
0.23,HGB|RUS|UNCAL,0.01544699585195991
0.23,HGB|RUS|PRIOR,0.05826149386508035
0.23,HGB|RUS|PLATT,0.05802012250560436
0.23,HGB|RUS|ISO,0.05841572476570399
0.23,HGB|SMOTE|UNCAL,0.06115255209727034
0.23,HGB|SMOTE|PRIOR,0.01468123943036359
0.23,HGB|SMOTE|PLATT,0.06026032633716262
0.23,HGB|SMOTE|ISO,0.059377354431092336
0.24,Treat all,-0.006003518980933126
0.24,Treat none,0.0
0.24,LR|NONE|UNCAL,0.0516940174198932
0.24,LR|NONE|PRIOR,0.0516940174198932
0.24,LR|NONE|PLATT,0.05175027111154169
0.24,LR|NONE|ISO,0.0494844974201432
0.24,LR|CSL|UNCAL,0.006562930692326718
0.24,LR|CSL|PRIOR,0.050943968197912984
0.24,LR|CSL|PLATT,0.05088771450626446
0.24,LR|CSL|ISO,0.05102834873538575
0.24,LR|ROS|UNCAL,0.0069348300982252364
0.24,LR|ROS|PRIOR,0.05114085611868281
0.24,LR|ROS|PLATT,0.05090959094190557
0.24,LR|ROS|ISO,0.049875148056591226
0.24,LR|RUS|UNCAL,0.007928645317348992
0.24,LR|RUS|PRIOR,0.048193787717318956
0.24,LR|RUS|PLATT,0.048343797561714974
0.24,LR|RUS|ISO,0.04850005781629421
0.24,LR|SMOTE|UNCAL,0.011231987099153379
0.24,LR|SMOTE|PRIOR,0.045774878976432856
0.24,LR|SMOTE|PLATT,0.04594676525646996
0.24,LR|SMOTE|ISO,0.045602992696395714
0.24,RF|NONE|UNCAL,0.048609439994499626
0.24,RF|NONE|PRIOR,0.048609439994499626
0.24,RF|NONE|PLATT,0.04763437600592539
0.24,RF|NONE|ISO,0.047750008594314
0.24,RF|CSL|UNCAL,0.007172345685185627
0.24,RF|CSL|PRIOR,0.029270670887777007
0.24,RF|CSL|PLATT,0.04711559196072243
0.24,RF|CSL|ISO,0.048371924407539235
0.24,RF|ROS|UNCAL,0.0017344888258292168
0.24,RF|ROS|PRIOR,0.039321330462311586
0.24,RF|ROS|PLATT,0.0494469949590442
0.24,RF|ROS|ISO,0.049325111960472415
0.24,RF|RUS|UNCAL,-0.004715934483200457
0.24,RF|RUS|PRIOR,0.049534500701608544
0.24,RF|RUS|PLATT,0.05008141159263578
0.24,RF|RUS|ISO,0.05015641651483381
0.24,RF|SMOTE|UNCAL,0.026701752302494858
0.24,RF|SMOTE|PRIOR,0.006950456123683117
0.24,RF|SMOTE|PLATT,0.04695933170614322
0.24,RF|SMOTE|ISO,0.04670619009372491
0.24,HGB|NONE|UNCAL,0.05526300163448225
0.24,HGB|NONE|PRIOR,0.05526300163448225
0.24,HGB|NONE|PLATT,0.05506923891880407
0.24,HGB|NONE|ISO,0.05249406992333874
0.24,HGB|CSL|UNCAL,0.010863212898346464
0.24,HGB|CSL|PRIOR,0.05563177583528918
0.24,HGB|CSL|PLATT,0.05574740842367781
0.24,HGB|CSL|ISO,0.05516924548173474
0.24,HGB|ROS|UNCAL,0.019607536744598864
0.24,HGB|ROS|PRIOR,0.052531572384437744
0.24,HGB|ROS|PLATT,0.05501611043224712
0.24,HGB|ROS|ISO,0.054250435184809015
0.24,HGB|RUS|UNCAL,0.004450292050415833
0.24,HGB|RUS|PRIOR,0.053222242709677806
0.24,HGB|RUS|PLATT,0.0534410070660887
0.24,HGB|RUS|ISO,0.05345038268136347
0.24,HGB|SMOTE|UNCAL,0.054512952412502064
0.24,HGB|SMOTE|PRIOR,0.012475818725603868
0.24,HGB|SMOTE|PLATT,0.0541129261607793
0.24,HGB|SMOTE|ISO,0.05463171020598226
0.25,Treat all,-0.01941689923401224
0.25,Treat none,0.0
0.25,LR|NONE|UNCAL,0.04599885200799636
0.25,LR|NONE|PRIOR,0.04599885200799636
0.25,LR|NONE|PLATT,0.046058230904736444
0.25,LR|NONE|ISO,0.04550402786849553
0.25,LR|CSL|UNCAL,-0.003523147873245841
0.25,LR|CSL|PRIOR,0.04617698869821665
0.25,LR|CSL|PLATT,0.045959266076836286
0.25,LR|CSL|ISO,0.04580092235219603
0.25,LR|ROS|UNCAL,-0.003938800150426525
0.25,LR|ROS|PRIOR,0.04578112938661601
0.25,LR|ROS|PLATT,0.04562278566197572
0.25,LR|ROS|ISO,0.04516754745363498
0.25,LR|RUS|UNCAL,-0.0029293589058448644
0.25,LR|RUS|PRIOR,0.044197692140213365
0.25,LR|RUS|PLATT,0.04378203986303268
0.25,LR|RUS|ISO,0.04394038358767295
0.25,LR|SMOTE|UNCAL,0.0010292342101617113
0.25,LR|SMOTE|PRIOR,0.0406547513013875
0.25,LR|SMOTE|PLATT,0.04093185281950795
0.25,LR|SMOTE|ISO,0.04085268095718782
0.25,RF|NONE|UNCAL,0.043188250895631705
0.25,RF|NONE|PRIOR,0.043188250895631705
0.25,RF|NONE|PLATT,0.043029907170991435
0.25,RF|NONE|ISO,0.04301011420541141
0.25,RF|CSL|UNCAL,-0.001543851315242567
0.25,RF|CSL|PRIOR,0.02458286325040081
0.25,RF|CSL|PLATT,0.043960176553252975
0.25,RF|CSL|ISO,0.0438612117253528
0.25,RF|ROS|UNCAL,-0.009302693822615421
0.25,RF|ROS|PRIOR,0.03598361142449974
0.25,RF|ROS|PLATT,0.04562278566197574
0.25,RF|ROS|ISO,0.045048789660154784
0.25,RF|RUS|UNCAL,-0.017576153435069186
0.25,RF|RUS|PRIOR,0.04502899669457475
0.25,RF|RUS|PLATT,0.04390079765651288
0.25,RF|RUS|ISO,0.045325891178275235
0.25,RF|SMOTE|UNCAL,0.022742117451457766
0.25,RF|SMOTE|PRIOR,0.005344100706608871
0.25,RF|SMOTE|PLATT,0.04184232923618947
0.25,RF|SMOTE|ISO,0.04207984482314987
0.25,HGB|NONE|UNCAL,0.04855214456782059
0.25,HGB|NONE|PRIOR,0.04855214456782059
0.25,HGB|NONE|PLATT,0.04819587118738
0.25,HGB|NONE|ISO,0.04827504304970015
0.25,HGB|CSL|UNCAL,0.000910476416681516
0.25,HGB|CSL|PRIOR,0.049917859192842876
0.25,HGB|CSL|PLATT,0.05066999188488412
0.25,HGB|CSL|ISO,0.05051164816024385
0.25,HGB|ROS|UNCAL,0.010767373275537895
0.25,HGB|ROS|PRIOR,0.04694891435583795
0.25,HGB|ROS|PLATT,0.04977930843378263
0.25,HGB|ROS|ISO,0.04940324208776202
0.25,HGB|RUS|UNCAL,-0.006096233398650119
0.25,HGB|RUS|PRIOR,0.0486709023613008
0.25,HGB|RUS|PLATT,0.04845317973992043
0.25,HGB|RUS|ISO,0.048809453120361015
0.25,HGB|SMOTE|UNCAL,0.04831462898086018
0.25,HGB|SMOTE|PRIOR,0.01094550996575817
0.25,HGB|SMOTE|PLATT,0.04811669932505988
0.25,HGB|SMOTE|ISO,0.04975951546820259
0.26,Treat all,-0.03319280327771512
0.26,Treat none,0.0
0.26,LR|NONE|UNCAL,0.04148659080076453
0.26,LR|NONE|PRIOR,0.04148659080076453
0.26,LR|NONE|PLATT,0.04174175957324226
0.26,LR|NONE|ISO,0.04139992970822494
0.26,LR|CSL|UNCAL,-0.014119338743767224
0.26,LR|CSL|PRIOR,0.04239492743738334
0.26,LR|CSL|PLATT,0.042268145468668
0.26,LR|CSL|ISO,0.042622814014061566
0.26,LR|ROS|UNCAL,-0.014639305299004868
0.26,LR|ROS|PRIOR,0.04118327697687592
0.26,LR|ROS|PLATT,0.04108538203900712
0.26,LR|ROS|ISO,0.040568625153863544
0.26,LR|RUS|UNCAL,-0.012981510695423165
0.26,LR|RUS|PRIOR,0.0396249821462101
0.26,LR|RUS|PLATT,0.04014494870144772
0.26,LR|RUS|ISO,0.03916278965266555
0.26,LR|SMOTE|UNCAL,-0.009584074900861328
0.26,LR|SMOTE|PRIOR,0.036638384123687834
0.26,LR|SMOTE|PLATT,0.03640407820682151
0.26,LR|SMOTE|ISO,0.03660147291760617
0.26,RF|NONE|UNCAL,0.03873108902501454
0.26,RF|NONE|PRIOR,0.03873108902501454
0.26,RF|NONE|PLATT,0.03921253953912347
0.26,RF|NONE|ISO,0.03846147673711357
0.26,RF|CSL|UNCAL,-0.010453895496351395
0.26,RF|CSL|PRIOR,0.020971984394584003
0.26,RF|CSL|PLATT,0.03869096814883882
0.26,RF|CSL|ISO,0.03917562833304179
0.26,RF|ROS|UNCAL,-0.01947788296579936
0.26,RF|ROS|PRIOR,0.0311065177165765
0.26,RF|ROS|PLATT,0.04077885854502446
0.26,RF|ROS|ISO,0.04119932532734623
0.26,RF|RUS|UNCAL,-0.03057531731600968
0.26,RF|RUS|PRIOR,0.03977262697053682
0.26,RF|RUS|PLATT,0.04067775393706158
0.26,RF|RUS|ISO,0.04038406912345513
0.26,RF|SMOTE|UNCAL,0.019166544966675608
0.26,RF|SMOTE|PRIOR,0.004446997915319274
0.26,RF|SMOTE|PLATT,0.03851443629366555
0.26,RF|SMOTE|ISO,0.037309205173346266
0.26,HGB|NONE|UNCAL,0.04346374757870512
0.26,HGB|NONE|PRIOR,0.04346374757870512
0.26,HGB|NONE|PLATT,0.04346374757870512
0.26,HGB|NONE|ISO,0.04289403113700958
0.26,HGB|CSL|UNCAL,-0.009137930757787044
0.26,HGB|CSL|PRIOR,0.045392759305234814
0.26,HGB|CSL|PLATT,0.04596247574693034
0.26,HGB|CSL|ISO,0.045399178645422936
0.26,HGB|ROS|UNCAL,0.002264422251358894
0.26,HGB|ROS|PRIOR,0.04184607385129918
0.26,HGB|ROS|PLATT,0.045647928077712535
0.26,HGB|ROS|ISO,0.04439615674102937
0.26,HGB|RUS|UNCAL,-0.016756082726036986
0.26,HGB|RUS|PRIOR,0.04352954581563334
0.26,HGB|RUS|PLATT,0.04339634450672987
0.26,HGB|RUS|ISO,0.044275794112502154
0.26,HGB|SMOTE|UNCAL,0.0437221260212769
0.26,HGB|SMOTE|PRIOR,0.009377051179794484
0.26,HGB|SMOTE|PLATT,0.04502204240937095
0.26,HGB|SMOTE|ISO,0.04475563979156401
0.27,Treat all,-0.047346129350012645
0.27,Treat none,0.0
0.27,LR|NONE|UNCAL,0.03802526938090585
0.27,LR|NONE|PRIOR,0.03802526938090585
0.27,LR|NONE|PLATT,0.03762588529461286
0.27,LR|NONE|ISO,0.037205352560165855
0.27,LR|CSL|UNCAL,-0.024876504095923735
0.27,LR|CSL|PRIOR,0.03752583592065352
0.27,LR|CSL|PLATT,0.03729808124822574
0.27,LR|CSL|ISO,0.038627192443750694
0.27,LR|ROS|UNCAL,-0.024874877276835045
0.27,LR|ROS|PRIOR,0.037101236138484595
0.27,LR|ROS|PLATT,0.03660098926868788
0.27,LR|ROS|ISO,0.0366367792886408
0.27,LR|RUS|UNCAL,-0.02404438613201801
0.27,LR|RUS|PRIOR,0.03627806567956707
0.27,LR|RUS|PLATT,0.03538494199983243
0.27,LR|RUS|ISO,0.03565906101629014
0.27,LR|SMOTE|UNCAL,-0.02013758009033728
0.27,LR|SMOTE|PRIOR,0.03225331525395052
0.27,LR|SMOTE|PLATT,0.032723465970605006
0.27,LR|SMOTE|ISO,0.033928125505839055
0.27,RF|NONE|UNCAL,0.03622356724009328
0.27,RF|NONE|PRIOR,0.03622356724009328
0.27,RF|NONE|PLATT,0.0354776706878923
0.27,RF|NONE|ISO,0.03368654287115673
0.27,RF|CSL|UNCAL,-0.017216626416451053
0.27,RF|CSL|PRIOR,0.016687096803056467
0.27,RF|CSL|PLATT,0.035629778272692286
0.27,RF|CSL|ISO,0.03428439888627964
0.27,RF|ROS|UNCAL,-0.029362457733206587
0.27,RF|ROS|PRIOR,0.02606082839254819
0.27,RF|ROS|PLATT,0.0375429175210856
0.27,RF|ROS|ISO,0.03724439621829635
0.27,RF|RUS|UNCAL,-0.043718322782055896
0.27,RF|RUS|PRIOR,0.03508154023977686
0.27,RF|RUS|PLATT,0.03552891548918856
0.27,RF|RUS|ISO,0.03556389209959712
0.27,RF|SMOTE|UNCAL,0.016866860312365506
0.27,RF|SMOTE|PRIOR,0.0036920659219631157
0.27,RF|SMOTE|PLATT,0.03413961198737912
0.27,RF|SMOTE|ISO,0.03394927415399307
0.27,HGB|NONE|UNCAL,0.03874025637042018
0.27,HGB|NONE|PRIOR,0.03874025637042018
0.27,HGB|NONE|PLATT,0.038723174769988114
0.27,HGB|NONE|ISO,0.038890737136131406
0.27,HGB|CSL|UNCAL,-0.018245589490097996
0.27,HGB|CSL|PRIOR,0.04123986390031503
0.27,HGB|CSL|PLATT,0.041928008374864656
0.27,HGB|CSL|ISO,0.04146843198228718
0.27,HGB|ROS|UNCAL,-0.005819131880529682
0.27,HGB|ROS|PRIOR,0.03887284212615493
0.27,HGB|ROS|PLATT,0.04025157130388736
0.27,HGB|ROS|ISO,0.03930638941331209
0.27,HGB|RUS|UNCAL,-0.02672701080939946
0.27,HGB|RUS|PRIOR,0.03845474962034108
0.27,HGB|RUS|PLATT,0.038884229859776326
0.27,HGB|RUS|ISO,0.03971960146185963
0.27,HGB|SMOTE|UNCAL,0.04071114769646483
0.27,HGB|SMOTE|PRIOR,0.008166631825624516
0.27,HGB|SMOTE|PLATT,0.03933241851873241
0.27,HGB|SMOTE|ISO,0.03913231977081372
0.28,Treat all,-0.06189260336876279
0.28,Treat none,0.0
0.28,LR|NONE|UNCAL,0.03287611582843457
0.28,LR|NONE|PRIOR,0.03287611582843457
0.28,LR|NONE|PLATT,0.032730967414180995
0.28,LR|NONE|ISO,0.032747461552164354
0.28,LR|CSL|UNCAL,-0.034693769834201
0.28,LR|CSL|PRIOR,0.033001471277108105
0.28,LR|CSL|PLATT,0.032928897069981325
0.28,LR|CSL|ISO,0.032965184173544715
0.28,LR|ROS|UNCAL,-0.03547229314701558
0.28,LR|ROS|PRIOR,0.03335444582995202
0.28,LR|ROS|PLATT,0.03355567431334902
0.28,LR|ROS|ISO,0.03259571548271742
0.28,LR|RUS|UNCAL,-0.0342880140398103
0.28,LR|RUS|PRIOR,0.0317578132731627
0.28,LR|RUS|PLATT,0.033202699760505106
0.28,LR|RUS|ISO,0.03300147127710812
0.28,LR|SMOTE|UNCAL,-0.03075826851137109
0.28,LR|SMOTE|PRIOR,0.02910225705784164
0.28,LR|SMOTE|PLATT,0.030530649407200683
0.28,LR|SMOTE|ISO,0.030491063476040595
0.28,RF|NONE|UNCAL,0.034063693763236536
0.28,RF|NONE|PRIOR,0.034063693763236536
0.28,RF|NONE|PLATT,0.03249345182722059
0.28,RF|NONE|ISO,0.028947212160798028
0.28,RF|CSL|UNCAL,-0.024259578145926997
0.28,RF|CSL|PRIOR,0.014590714460080886
0.28,RF|CSL|PLATT,0.03175121561796937
0.28,RF|CSL|ISO,0.029659758921679227
0.28,RF|ROS|UNCAL,-0.038230113017833495
0.28,RF|ROS|PRIOR,0.022214305035990208
0.28,RF|ROS|PLATT,0.034238531625860144
0.28,RF|ROS|ISO,0.03317960796732841
0.28,RF|RUS|UNCAL,-0.057069717422428085
0.28,RF|RUS|PRIOR,0.030886922787641262
0.28,RF|RUS|PLATT,0.03195244410136637
0.28,RF|RUS|ISO,0.03192275465299632
0.28,RF|SMOTE|UNCAL,0.013597767353482532
0.28,RF|SMOTE|PRIOR,0.0025598902150175823
0.28,RF|SMOTE|PLATT,0.029983044026153094
0.28,RF|SMOTE|ISO,0.029135245333808346
0.28,HGB|NONE|UNCAL,0.03632668949455363
0.28,HGB|NONE|PRIOR,0.03632668949455363
0.28,HGB|NONE|PLATT,0.03601000204527309
0.28,HGB|NONE|ISO,0.03477624052411772
0.28,HGB|CSL|UNCAL,-0.02747263622508561
0.28,HGB|CSL|PRIOR,0.036046289148836494
0.28,HGB|CSL|PLATT,0.03783425370623279
0.28,HGB|CSL|ISO,0.03745158970501883
0.28,HGB|ROS|UNCAL,-0.01395074190632653
0.28,HGB|ROS|PRIOR,0.035881347769002876
0.28,HGB|ROS|PLATT,0.035551465009335675
0.28,HGB|ROS|ISO,0.03550858025057893
0.28,HGB|RUS|UNCAL,-0.03694686908272804
0.28,HGB|RUS|PRIOR,0.03417585390152339
0.28,HGB|RUS|PLATT,0.033859166452242864
0.28,HGB|RUS|ISO,0.03503684790425482
0.28,HGB|SMOTE|UNCAL,0.035657027492429175
0.28,HGB|SMOTE|PRIOR,0.006782389538757925
0.28,HGB|SMOTE|PLATT,0.03513911155975165
0.28,HGB|SMOTE|ISO,0.036283804735796885
0.29,Treat all,-0.07684883721902702
0.29,Treat none,0.0
0.29,LR|NONE|UNCAL,0.029917764409627415
0.29,LR|NONE|PRIOR,0.029917764409627415
0.29,LR|NONE|PLATT,0.029661013405413175
0.29,LR|NONE|ISO,0.029642614310648643
0.29,LR|CSL|UNCAL,-0.04540896587887877
0.29,LR|CSL|PRIOR,0.029813224098465277
0.29,LR|CSL|PLATT,0.0295046210999146
0.29,LR|CSL|ISO,0.029497930520000243
0.29,LR|ROS|UNCAL,-0.045873124860438624
0.29,LR|ROS|PRIOR,0.02976137210412884
0.29,LR|ROS|PLATT,0.029835804805676297
0.29,LR|ROS|ISO,0.028381439996788507
0.29,LR|RUS|UNCAL,-0.043848388113850306
0.29,LR|RUS|PRIOR,0.029615015668501846
0.29,LR|RUS|PLATT,0.02972206494713188
0.29,LR|RUS|ISO,0.029637596375712866
0.29,LR|SMOTE|UNCAL,-0.04142054392742062
0.29,LR|SMOTE|PRIOR,0.027381198299589113
0.29,LR|SMOTE|PLATT,0.025694335838676752
0.29,LR|SMOTE|ISO,0.026205328879637307
0.29,RF|NONE|UNCAL,0.03081764740811116
0.29,RF|NONE|PRIOR,0.03081764740811116
0.29,RF|NONE|PLATT,0.030835210180386416
0.29,RF|NONE|ISO,0.028664116998170966
0.29,RF|CSL|UNCAL,-0.030305818044661315
0.29,RF|CSL|PRIOR,0.01209155055025838
0.29,RF|CSL|PLATT,0.0287678209868438
0.29,RF|CSL|ISO,0.02686518732369276
0.29,RF|ROS|UNCAL,-0.04730407263962613
0.29,RF|ROS|PRIOR,0.018464327918702766
0.29,RF|ROS|PLATT,0.030638674395401563
0.29,RF|ROS|ISO,0.030340107266722482
0.29,RF|RUS|UNCAL,-0.06996757577708995
0.29,RF|RUS|PRIOR,0.02640270098711143
0.29,RF|RUS|PLATT,0.028613101326323845
0.29,RF|RUS|ISO,0.028179049954378615
0.29,RF|SMOTE|UNCAL,0.010060959546244863
0.29,RF|SMOTE|PRIOR,0.0018825619234079138
0.29,RF|SMOTE|PLATT,0.025941887295508684
0.29,RF|SMOTE|ISO,0.025908434395936805
0.29,HGB|NONE|UNCAL,0.03275958822825918
0.29,HGB|NONE|PRIOR,0.03275958822825918
0.29,HGB|NONE|PLATT,0.03327643552664482
0.29,HGB|NONE|ISO,0.03278885951538457
0.29,HGB|CSL|UNCAL,-0.03674884650220664
0.29,HGB|CSL|PRIOR,0.032752061325855494
0.29,HGB|CSL|PLATT,0.03342530092973969
0.29,HGB|CSL|ISO,0.034290894706162284
0.29,HGB|ROS|UNCAL,-0.02250878347694385
0.29,HGB|ROS|PRIOR,0.03343617312210059
0.29,HGB|ROS|PLATT,0.03181203484788547
0.29,HGB|ROS|ISO,0.03170331292427685
0.29,HGB|RUS|UNCAL,-0.0461992906312646
0.29,HGB|RUS|PRIOR,0.03089542539961579
0.29,HGB|RUS|PLATT,0.030932223589144867
0.29,HGB|RUS|ISO,0.030344288879168957
0.29,HGB|SMOTE|UNCAL,0.031655642542386925
0.29,HGB|SMOTE|PRIOR,0.005891891937098511
0.29,HGB|SMOTE|PLATT,0.03317105889299338
0.29,HGB|SMOTE|ISO,0.032562216120785054
0.3,Treat all,-0.09223239203644168
0.3,Treat none,0.0
0.3,LR|NONE|UNCAL,0.026712020833510056
0.3,LR|NONE|PRIOR,0.026712020833510056
0.3,LR|NONE|PLATT,0.025795889283805676
0.3,LR|NONE|ISO,0.026449057147946764
0.3,LR|CSL|UNCAL,-0.05546837225478635
0.3,LR|CSL|PRIOR,0.02610974916657477
0.3,LR|CSL|PLATT,0.02654236684282405
0.3,LR|CSL|ISO,0.026228506960054965
0.3,LR|ROS|UNCAL,-0.05577374943802116
0.3,LR|ROS|PRIOR,0.027339740599048243
0.3,LR|ROS|PLATT,0.02694953642047044
0.3,LR|ROS|ISO,0.026779882429784456
0.3,LR|RUS|UNCAL,-0.05428079431998439
0.3,LR|RUS|PRIOR,0.026466022547015355
0.3,LR|RUS|PLATT,0.026601745739564163
0.3,LR|RUS|ISO,0.026177610762849177
0.3,LR|SMOTE|UNCAL,-0.05078592211185287
0.3,LR|SMOTE|PRIOR,0.022945702240280946
0.3,LR|SMOTE|PLATT,0.02220770738079686
0.3,LR|SMOTE|ISO,0.023055977334226846
0.3,RF|NONE|UNCAL,0.027526359988802845
0.3,RF|NONE|PRIOR,0.027526359988802845
0.3,RF|NONE|PLATT,0.02783173717203763
0.3,RF|NONE|ISO,0.028171045153409603
0.3,RF|CSL|UNCAL,-0.03544071865430454
0.3,RF|CSL|PRIOR,0.010645787915546243
0.3,RF|CSL|PLATT,0.024294451466234615
0.3,RF|CSL|ISO,0.024269003367631707
0.3,RF|ROS|UNCAL,-0.05413658842790128
0.3,RF|ROS|PRIOR,0.01528582456080823
0.3,RF|ROS|PLATT,0.026864709425127448
0.3,RF|ROS|ISO,0.02706829421395064
0.3,RF|RUS|UNCAL,-0.08314742083520663
0.3,RF|RUS|PRIOR,0.024616794048538018
0.3,RF|RUS|PLATT,0.025269961912679093
0.3,RF|RUS|ISO,0.024599828649469406
0.3,RF|SMOTE|UNCAL,0.008304562844079488
0.3,RF|SMOTE|PRIOR,0.0013233011273507682
0.3,RF|SMOTE|PLATT,0.02392121268672543
0.3,RF|SMOTE|ISO,0.022589428859840346
0.3,HGB|NONE|UNCAL,0.029740344567255078
0.3,HGB|NONE|PRIOR,0.029740344567255078
0.3,HGB|NONE|PLATT,0.029630069473309192
0.3,HGB|NONE|ISO,0.029027797806373892
0.3,HGB|CSL|UNCAL,-0.04602712767311068
0.3,HGB|CSL|PRIOR,0.03019841034210726
0.3,HGB|CSL|PLATT,0.0293671057877459
0.3,HGB|CSL|ISO,0.029714896468652177
0.3,HGB|ROS|UNCAL,-0.02982517156259812
0.3,HGB|ROS|PRIOR,0.030401995130930462
0.3,HGB|ROS|PLATT,0.029714896468652177
0.3,HGB|ROS|ISO,0.031004266797865755
0.3,HGB|RUS|UNCAL,-0.05580768023615837
0.3,HGB|RUS|PRIOR,0.02812863165573813
0.3,HGB|RUS|PLATT,0.02807773545853233
0.3,HGB|RUS|ISO,0.027551808087405733
0.3,HGB|SMOTE|UNCAL,0.02982517156259809
0.3,HGB|SMOTE|PRIOR,0.005157481316854275
0.3,HGB|SMOTE|PLATT,0.028934488111496605
0.3,HGB|SMOTE|ISO,0.028934488111496598
0.31,Treat all,-0.10806184699349158
0.31,Treat none,0.0
0.31,LR|NONE|UNCAL,0.02342110222722496
0.31,LR|NONE|PRIOR,0.02342110222722496
0.31,LR|NONE|PLATT,0.02307343448399308
0.31,LR|NONE|ISO,0.023162933110963665
0.31,LR|CSL|UNCAL,-0.06562917104478463
0.31,LR|CSL|PRIOR,0.022999426003998166
0.31,LR|CSL|PLATT,0.023150885218871466
0.31,LR|CSL|ISO,0.023469293795593718
0.31,LR|ROS|UNCAL,-0.06658353621123053
0.31,LR|ROS|PRIOR,0.024141394061593983
0.31,LR|ROS|PLATT,0.02460437734342258
0.31,LR|ROS|ISO,0.0239572334253276
0.31,LR|RUS|UNCAL,-0.06389255345606695
0.31,LR|RUS|PRIOR,0.023517485363962518
0.31,LR|RUS|PLATT,0.024416774452272708
0.31,LR|RUS|ISO,0.02264401318727846
0.31,LR|SMOTE|UNCAL,-0.05906651210942246
0.31,LR|SMOTE|PRIOR,0.01962687678190475
0.31,LR|SMOTE|PLATT,0.01918454702937706
0.31,LR|SMOTE|ISO,0.019731865555851005
0.31,RF|NONE|UNCAL,0.02382986999463868
0.31,RF|NONE|PRIOR,0.02382986999463868
0.31,RF|NONE|PLATT,0.02468268864202184
0.31,RF|NONE|ISO,0.025246357879192327
0.31,RF|CSL|UNCAL,-0.03993273833957672
0.31,RF|CSL|PRIOR,0.008681366816146585
0.31,RF|CSL|PLATT,0.0212008478273778
0.31,RF|CSL|ISO,0.022054527038481826
0.31,RF|ROS|UNCAL,-0.061960587902711584
0.31,RF|ROS|PRIOR,0.011872337093136228
0.31,RF|ROS|PLATT,0.024396120922971803
0.31,RF|ROS|ISO,0.02389613340114574
0.31,RF|RUS|UNCAL,-0.09605698308734123
0.31,RF|RUS|PRIOR,0.021094137925989798
0.31,RF|RUS|PLATT,0.021369518316668508
0.31,RF|RUS|ISO,0.022211149635680334
0.31,RF|SMOTE|UNCAL,0.00846450475848709
0.31,RF|SMOTE|PRIOR,0.0010369792836495474
0.31,RF|SMOTE|PLATT,0.021473646526893903
0.31,RF|SMOTE|ISO,0.02073442229066573
0.31,HGB|NONE|UNCAL,0.02858620567989266
0.31,HGB|NONE|PRIOR,0.02858620567989266
0.31,HGB|NONE|PLATT,0.028072449138532678
0.31,HGB|NONE|ISO,0.025157719815942628
0.31,HGB|CSL|UNCAL,-0.05446507789392516
0.31,HGB|CSL|PRIOR,0.026994162796281335
0.31,HGB|CSL|PLATT,0.02681000216001493
0.31,HGB|CSL|ISO,0.026260101942378364
0.31,HGB|ROS|UNCAL,-0.03707996960488935
0.31,HGB|ROS|PRIOR,0.026765252846529648
0.31,HGB|ROS|PLATT,0.027776415218553063
0.31,HGB|ROS|ISO,0.02824800413759037
0.31,HGB|RUS|UNCAL,-0.06512229901319164
0.31,HGB|RUS|PRIOR,0.025831541209384606
0.31,HGB|RUS|PLATT,0.025990745497745743
0.31,HGB|RUS|ISO,0.02658195277398412
0.31,HGB|SMOTE|UNCAL,0.02613187794796859
0.31,HGB|SMOTE|PRIOR,0.004748590611766143
0.31,HGB|SMOTE|PLATT,0.02581088768008371
0.31,HGB|SMOTE|ISO,0.025733436945205322
0.32,Treat all,-0.12435687415516056
0.32,Treat none,0.0
0.32,LR|NONE|UNCAL,0.02069179907578493
0.32,LR|NONE|PRIOR,0.02069179907578493
0.32,LR|NONE|PLATT,0.021296066672022412
0.32,LR|NONE|ISO,0.021051565332504345
0.32,LR|CSL|UNCAL,-0.07534832708690628
0.32,LR|CSL|PRIOR,0.020464762117661024
0.32,LR|CSL|PLATT,0.021558032392934613
0.32,LR|CSL|ISO,0.020740699343688537
0.32,LR|ROS|UNCAL,-0.07494315343856214
0.32,LR|ROS|PRIOR,0.021868898381750407
0.32,LR|ROS|PLATT,0.021599946908280557
0.32,LR|ROS|ISO,0.021065536837619664
0.32,LR|RUS|UNCAL,-0.07350758128796323
0.32,LR|RUS|PRIOR,0.02103759382738904
0.32,LR|RUS|PLATT,0.021648847176184163
0.32,LR|RUS|ISO,0.01985001589258706
0.32,LR|SMOTE|UNCAL,-0.06715403933677275
0.32,LR|SMOTE|PRIOR,0.016081202387730212
0.32,LR|SMOTE|PLATT,0.015194011812907568
0.32,LR|SMOTE|ISO,0.01532674111150309
0.32,RF|NONE|UNCAL,0.020503183756728147
0.32,RF|NONE|PRIOR,0.020503183756728147
0.32,RF|NONE|PLATT,0.02251508049333384
0.32,RF|NONE|ISO,0.022235650391027484
0.32,RF|CSL|UNCAL,-0.04354918144444406
0.32,RF|CSL|PRIOR,0.006999724062773971
0.32,RF|CSL|PLATT,0.019762693985616336
0.32,RF|CSL|ISO,0.01888947491590899
0.32,RF|ROS|UNCAL,-0.06878870543526483
0.32,RF|ROS|PRIOR,0.010146805589999197
0.32,RF|ROS|PLATT,0.020971229178091286
0.32,RF|ROS|ISO,0.02172219757803958
0.32,RF|RUS|UNCAL,-0.10826170026231505
0.32,RF|RUS|PRIOR,0.018683395215458067
0.32,RF|RUS|PLATT,0.02005260271675916
0.32,RF|RUS|ISO,0.01975221535677983
0.32,RF|SMOTE|UNCAL,0.0058365962619238015
0.32,RF|SMOTE|PRIOR,0.0007684327813424519
0.32,RF|SMOTE|PLATT,0.018302671701065677
0.32,RF|SMOTE|ISO,0.018571623174535534
0.32,HGB|NONE|UNCAL,0.02711170567627323
0.32,HGB|NONE|PRIOR,0.02711170567627323
0.32,HGB|NONE|PLATT,0.02646901644096864
0.32,HGB|NONE|ISO,0.02529191713500316
0.32,HGB|CSL|UNCAL,-0.06238277033989181
0.32,HGB|CSL|PRIOR,0.02474353555922696
0.32,HGB|CSL|PLATT,0.025229045361984226
0.32,HGB|CSL|ISO,0.023189205615147895
0.32,HGB|ROS|UNCAL,-0.044754223760640255
0.32,HGB|ROS|PRIOR,0.024048453179739922
0.32,HGB|ROS|PLATT,0.025243016867099545
0.32,HGB|ROS|ISO,0.025763455432645112
0.32,HGB|RUS|UNCAL,-0.07366126784423174
0.32,HGB|RUS|PRIOR,0.02388428799463494
0.32,HGB|RUS|PLATT,0.02363629377883806
0.32,HGB|RUS|ISO,0.024506019972266556
0.32,HGB|SMOTE|UNCAL,0.02346514284117541
0.32,HGB|SMOTE|PRIOR,0.004303223575517731
0.32,HGB|SMOTE|PLATT,0.022780539090524868
0.32,HGB|SMOTE|ISO,0.022364886813344184
0.33,Treat all,-0.14113832003807342
0.33,Treat none,0.0
0.33,LR|NONE|UNCAL,0.0186706748899053
0.33,LR|NONE|PRIOR,0.0186706748899053
0.33,LR|NONE|PLATT,0.0191962224386647
0.33,LR|NONE|ISO,0.01863522480229928
0.33,LR|CSL|UNCAL,-0.08403886393104254
0.33,LR|CSL|PRIOR,0.018997701948070926
0.33,LR|CSL|PLATT,0.019369927867934233
0.33,LR|CSL|ISO,0.01809017970535659
0.33,LR|ROS|UNCAL,-0.0839599874861191
0.33,LR|ROS|PRIOR,0.019343340302229714
0.33,LR|ROS|PLATT,0.019389425416117552
0.33,LR|ROS|ISO,0.019078350897374648
0.33,LR|RUS|UNCAL,-0.08188527110897628
0.33,LR|RUS|PRIOR,0.019048218322909524
0.33,LR|RUS|PLATT,0.019067715871092843
0.33,LR|RUS|ISO,0.019241421300362382
0.33,LR|SMOTE|UNCAL,-0.07619464579601845
0.33,LR|SMOTE|PRIOR,0.013310621643873727
0.33,LR|SMOTE|PLATT,0.014028485917895815
0.33,LR|SMOTE|ISO,0.014187125059932804
0.33,RF|NONE|UNCAL,0.01779062646508564
0.33,RF|NONE|PRIOR,0.01779062646508564
0.33,RF|NONE|PLATT,0.01917849739486168
0.33,RF|NONE|ISO,0.019432851773434942
0.33,RF|CSL|UNCAL,-0.045758086829672084
0.33,RF|CSL|PRIOR,0.00608766629414533
0.33,RF|CSL|PLATT,0.016564053433917036
0.33,RF|CSL|ISO,0.016520627076599646
0.33,RF|ROS|UNCAL,-0.07421918966417251
0.33,RF|ROS|PRIOR,0.009267539152406126
0.33,RF|ROS|PLATT,0.019842300285284574
0.33,RF|ROS|ISO,0.019337136536898662
0.33,RF|RUS|UNCAL,-0.12033886738742611
0.33,RF|RUS|PRIOR,0.017512343277378318
0.33,RF|RUS|PLATT,0.01770731875921147
0.33,RF|RUS|ISO,0.01781544152640986
0.33,RF|SMOTE|UNCAL,0.00573227916589486
0.33,RF|SMOTE|PRIOR,0.000657599125091838
0.33,RF|SMOTE|PLATT,0.01639921052654901
0.33,RF|SMOTE|ISO,0.016344262890759673
0.33,HGB|NONE|UNCAL,0.02479733628041727
0.33,HGB|NONE|PRIOR,0.02479733628041727
0.33,HGB|NONE|PLATT,0.024713142322352957
0.33,HGB|NONE|ISO,0.024887734003812653
0.33,HGB|CSL|UNCAL,-0.07098968668326322
0.33,HGB|CSL|PRIOR,0.023739151165377316
0.33,HGB|CSL|PLATT,0.022232522442121067
0.33,HGB|CSL|ISO,0.022743003703647895
0.33,HGB|ROS|UNCAL,-0.052309263019266306
0.33,HGB|ROS|PRIOR,0.020972271827726742
0.33,HGB|ROS|PLATT,0.022076542056654554
0.33,HGB|ROS|ISO,0.02298406429936889
0.33,HGB|RUS|UNCAL,-0.08055146156279946
0.33,HGB|RUS|PRIOR,0.020889850374042722
0.33,HGB|RUS|PLATT,0.020853514034246554
0.33,HGB|RUS|ISO,0.01969695492609986
0.33,HGB|SMOTE|UNCAL,0.020668287326505053
0.33,HGB|SMOTE|PRIOR,0.003861400792486708
0.33,HGB|SMOTE|PLATT,0.020310241441684147
0.33,HGB|SMOTE|ISO,0.020297833911022044
0.34,Treat all,-0.1584282945841049
0.34,Treat none,0.0
0.34,LR|NONE|UNCAL,0.016789832893389672
0.34,LR|NONE|PRIOR,0.016789832893389672
0.34,LR|NONE|PLATT,0.017709306112607563
0.34,LR|NONE|ISO,0.016116872063668568
0.34,LR|CSL|UNCAL,-0.09196711488736914
0.34,LR|CSL|PRIOR,0.017174896041946677
0.34,LR|CSL|PLATT,0.016530724980341978
0.34,LR|CSL|ISO,0.015287366869814453
0.34,LR|ROS|UNCAL,-0.09329144422072405
0.34,LR|ROS|PRIOR,0.016708861670562278
0.34,LR|ROS|PLATT,0.0169661702231027
0.34,LR|ROS|ISO,0.016833017545564308
0.34,LR|RUS|UNCAL,-0.0901965441482098
0.34,LR|RUS|PRIOR,0.016669275739402203
0.34,LR|RUS|PLATT,0.01580918141692441
0.34,LR|RUS|ISO,0.01677723736983875
0.34,LR|SMOTE|UNCAL,-0.08432163209195465
0.34,LR|SMOTE|PRIOR,0.010878933626988954
0.34,LR|SMOTE|PLATT,0.012467768954913416
0.34,LR|SMOTE|ISO,0.01234181371940412
0.34,RF|NONE|UNCAL,0.01630940363794707
0.34,RF|NONE|PRIOR,0.01630940363794707
0.34,RF|NONE|PLATT,0.016735852078171402
0.34,RF|NONE|ISO,0.016649482773822166
0.34,RF|CSL|UNCAL,-0.04737356343555507
0.34,RF|CSL|PRIOR,0.004854674648629877
0.34,RF|CSL|PLATT,0.015602254958587712
0.34,RF|CSL|ISO,0.014081795329939722
0.34,RF|ROS|UNCAL,-0.07890195824404014
0.34,RF|ROS|PRIOR,0.007449352500121455
0.34,RF|ROS|PLATT,0.01884830131371311
0.34,RF|ROS|ISO,0.016879800918753463
0.34,RF|RUS|UNCAL,-0.13099524429017928
0.34,RF|RUS|PRIOR,0.014582017550962379
0.34,RF|RUS|PLATT,0.015022860875244931
0.34,RF|RUS|ISO,0.0153215547194527
0.34,RF|SMOTE|UNCAL,0.005317110298999714
0.34,RF|SMOTE|PRIOR,0.0004678337318916856
0.34,RF|SMOTE|PLATT,0.014688179820891649
0.34,RF|SMOTE|ISO,0.01404940684080877
0.34,HGB|NONE|UNCAL,0.021113696192373216
0.34,HGB|NONE|PRIOR,0.021113696192373216
0.34,HGB|NONE|PLATT,0.021774061498543412
0.34,HGB|NONE|ISO,0.021635510739483173
0.34,HGB|CSL|UNCAL,-0.07834415648678464
0.34,HGB|CSL|PRIOR,0.021245049509404347
0.34,HGB|CSL|PLATT,0.02104532049309675
0.34,HGB|CSL|ISO,0.020401149431492037
0.34,HGB|ROS|UNCAL,-0.057183676921222254
0.34,HGB|ROS|PRIOR,0.01996210546771677
0.34,HGB|ROS|PLATT,0.018986852072773334
0.34,HGB|ROS|ISO,0.019900927210469398
0.34,HGB|RUS|UNCAL,-0.0881668654960028
0.34,HGB|RUS|PRIOR,0.01805658269051178
0.34,HGB|RUS|PLATT,0.01794862106007525
0.34,HGB|RUS|ISO,0.01675744440425872
0.34,HGB|SMOTE|UNCAL,0.01768951314702754
0.34,HGB|SMOTE|PRIOR,0.0034457753714329923
0.34,HGB|SMOTE|PLATT,0.018450642641605168
0.34,HGB|SMOTE|ISO,0.018490228572765242
0.35,Treat all,-0.1762502683469372
0.35,Treat none,0.0
0.35,LR|NONE|UNCAL,0.015493324441724188
0.35,LR|NONE|PRIOR,0.015493324441724188
0.35,LR|NONE|PLATT,0.015232970817556063
0.35,LR|NONE|ISO,0.013552091279067119
0.35,LR|CSL|UNCAL,-0.10214997282273564
0.35,LR|CSL|PRIOR,0.014981752408271022
0.35,LR|CSL|PLATT,0.015169024313374413
0.35,LR|CSL|ISO,0.015191862350582147
0.35,LR|ROS|UNCAL,-0.10144199366929604
0.35,LR|ROS|PRIOR,0.015338025788711615
0.35,LR|ROS|PLATT,0.015159889098491322
0.35,LR|ROS|ISO,0.015415675115217901
0.35,LR|RUS|UNCAL,-0.09836799386113554
0.35,LR|RUS|PRIOR,0.01531062014406235
0.35,LR|RUS|PLATT,0.014378828225986948
0.35,LR|RUS|ISO,0.014607208598064247
0.35,LR|SMOTE|UNCAL,-0.0937684131674987
0.35,LR|SMOTE|PRIOR,0.00819428775013361
0.35,LR|SMOTE|PLATT,0.011090150868073793
0.35,LR|SMOTE|ISO,0.012236620335901855
0.35,RF|NONE|UNCAL,0.014310314114363759
0.35,RF|NONE|PRIOR,0.014310314114363759
0.35,RF|NONE|PLATT,0.015063969342218854
0.35,RF|NONE|ISO,0.015566406160788922
0.35,RF|CSL|UNCAL,-0.047681254082299146
0.35,RF|CSL|PRIOR,0.0033754618993025263
0.35,RF|CSL|PLATT,0.013182115076301883
0.35,RF|CSL|ISO,0.011537776397345316
0.35,RF|ROS|UNCAL,-0.08282442573755439
0.35,RF|ROS|PRIOR,0.00655908428606012
0.35,RF|ROS|PLATT,0.016539306545838225
0.35,RF|ROS|ISO,0.01434685497389613
0.35,RF|RUS|UNCAL,-0.14098833889820164
0.35,RF|RUS|PRIOR,0.012190944261486397
0.35,RF|RUS|PLATT,0.013447036307911553
0.35,RF|RUS|ISO,0.013118168572120247
0.35,RF|SMOTE|UNCAL,0.003708897242535397
0.35,RF|SMOTE|PRIOR,0.0003151649134666771
0.35,RF|SMOTE|PLATT,0.013355684159080644
0.35,RF|SMOTE|ISO,0.01184837370337044
0.35,HGB|NONE|UNCAL,0.01885965112614362
0.35,HGB|NONE|PRIOR,0.01885965112614362
0.35,HGB|NONE|PLATT,0.018804839836845062
0.35,HGB|NONE|ISO,0.018960138489857635
0.35,HGB|CSL|UNCAL,-0.08566547756619605
0.35,HGB|CSL|PRIOR,0.020170554461867336
0.35,HGB|CSL|PLATT,0.01900581456427309
0.35,HGB|CSL|ISO,0.019074328675896285
0.35,HGB|ROS|UNCAL,-0.06304211790821845
0.35,HGB|ROS|PRIOR,0.017845642274120395
0.35,HGB|ROS|PLATT,0.017498504108562893
0.35,HGB|ROS|ISO,0.018087725468522338
0.35,HGB|RUS|UNCAL,-0.09604308167338863
0.35,HGB|RUS|PRIOR,0.015995761260294256
0.35,HGB|RUS|PLATT,0.015959220400761885
0.35,HGB|RUS|ISO,0.015164456705932874
0.35,HGB|SMOTE|UNCAL,0.015708001991476844
0.35,HGB|SMOTE|PRIOR,0.0031105406676928565
0.35,HGB|SMOTE|PLATT,0.015424810330100992
0.35,HGB|SMOTE|ISO,0.016379440285384128
0.36,Treat all,-0.19462917878985814
0.36,Treat none,0.0
0.36,LR|NONE|UNCAL,0.013683124517546462
0.36,LR|NONE|PRIOR,0.013683124517546462
0.36,LR|NONE|PLATT,0.014184133958791048
0.36,LR|NONE|ISO,0.013994863725431982
0.36,LR|CSL|UNCAL,-0.1083627753696336
0.36,LR|CSL|PRIOR,0.012844397601092572
0.36,LR|CSL|PLATT,0.014165578053559766
0.36,LR|CSL|ISO,0.01349756546523366
0.36,LR|ROS|UNCAL,-0.10864482512914916
0.36,LR|ROS|PRIOR,0.013597767353482566
0.36,LR|ROS|PLATT,0.013768481681610358
0.36,LR|ROS|ISO,0.013564366724066267
0.36,LR|RUS|UNCAL,-0.1054049640757675
0.36,LR|RUS|PRIOR,0.01202422658986995
0.36,LR|RUS|PLATT,0.012822130514815032
0.36,LR|RUS|ISO,0.012900065316786419
0.36,LR|SMOTE|UNCAL,-0.10161955940858622
0.36,LR|SMOTE|PRIOR,0.007422362092512319
0.36,LR|SMOTE|PLATT,0.010587999524968826
0.36,LR|SMOTE|ISO,0.011033341250519565
0.36,RF|NONE|UNCAL,0.012165251469627693
0.36,RF|NONE|PRIOR,0.012165251469627693
0.36,RF|NONE|PLATT,0.012810996971676272
0.36,RF|NONE|ISO,0.014087643251588386
0.36,RF|CSL|UNCAL,-0.04959251232112105
0.36,RF|CSL|PRIOR,0.0026200938186568493
0.36,RF|CSL|PLATT,0.011560328959087943
0.36,RF|CSL|ISO,0.013145003265839318
0.36,RF|ROS|UNCAL,-0.08549076658155691
0.36,RF|ROS|PRIOR,0.005147408111157295
0.36,RF|ROS|PLATT,0.01449216198563031
0.36,RF|ROS|ISO,0.011734754468261992
0.36,RF|RUS|UNCAL,-0.15123062763493852
0.36,RF|RUS|PRIOR,0.009845763315717598
0.36,RF|RUS|PLATT,0.011712487381984445
0.36,RF|RUS|ISO,0.01092571700017815
0.36,RF|SMOTE|UNCAL,0.0034068642004631555
0.36,RF|SMOTE|PRIOR,0.00037482928567187225
0.36,RF|SMOTE|PLATT,0.011894335253250995
0.36,RF|SMOTE|ISO,0.01002018882489164
0.36,HGB|NONE|UNCAL,0.01715678997684223
0.36,HGB|NONE|PRIOR,0.01715678997684223
0.36,HGB|NONE|PLATT,0.016451665578053554
0.36,HGB|NONE|ISO,0.016358886051897156
0.36,HGB|CSL|UNCAL,-0.09174410664449856
0.36,HGB|CSL|PRIOR,0.018307256101181647
0.36,HGB|CSL|PLATT,0.017843358470399626
0.36,HGB|CSL|ISO,0.018006650436434894
0.36,HGB|ROS|UNCAL,-0.0699557627219286
0.36,HGB|ROS|PRIOR,0.017305237218692475
0.36,HGB|ROS|PLATT,0.016685469983967707
0.36,HGB|ROS|ISO,0.016217861172139428
0.36,HGB|RUS|UNCAL,-0.1024323080577163
0.36,HGB|RUS|PRIOR,0.01420268986402233
0.36,HGB|RUS|PLATT,0.014291758209132477
0.36,HGB|RUS|ISO,0.014247224036577404
0.36,HGB|SMOTE|UNCAL,0.01407650970844962
0.36,HGB|SMOTE|PRIOR,0.0026646279912119234
0.36,HGB|SMOTE|PLATT,0.013571789086158782
0.36,HGB|SMOTE|ISO,0.014202689864022337
0.37,Treat all,-0.2135915467071574
0.37,Treat none,0.0
0.37,LR|NONE|UNCAL,0.011550609199204885
0.37,LR|NONE|PRIOR,0.011550609199204885
0.37,LR|NONE|PLATT,0.012133087900560141
0.37,LR|NONE|ISO,0.012326304945508078
0.37,LR|CSL|UNCAL,-0.11548158641561648
0.37,LR|CSL|PRIOR,0.01160056287424021
0.37,LR|CSL|PLATT,0.01181828549562057
0.37,LR|CSL|ISO,0.0117494813771757
0.37,LR|ROS|UNCAL,-0.11450136335831962
0.37,LR|ROS|PRIOR,0.011771159387096691
0.37,LR|ROS|PLATT,0.01158736756385352
0.37,LR|ROS|ISO,0.011568517120443968
0.37,LR|RUS|UNCAL,-0.11248813600217908
0.37,LR|RUS|PRIOR,0.009668392424760822
0.37,LR|RUS|PLATT,0.011992652097158961
0.37,LR|RUS|ISO,0.011713665534697541
0.37,LR|SMOTE|UNCAL,-0.10959836302749434
0.37,LR|SMOTE|PRIOR,0.006239496768562745
0.37,LR|SMOTE|PLATT,0.010018068150008056
0.37,LR|SMOTE|ISO,0.009791862829093397
0.37,RF|NONE|UNCAL,0.010851257748710395
0.37,RF|NONE|PRIOR,0.010851257748710395
0.37,RF|NONE|PLATT,0.012389453930930092
0.37,RF|NONE|ISO,0.011949296077316977
0.37,RF|CSL|UNCAL,-0.047685024170981055
0.37,RF|CSL|PRIOR,0.0026673377424520466
0.37,RF|CSL|PLATT,0.01111987656729655
0.37,RF|CSL|ISO,0.011575114775637302
0.37,RF|ROS|UNCAL,-0.08673748778255636
0.37,RF|ROS|PRIOR,0.004822885946334673
0.37,RF|ROS|PLATT,0.011691987524776556
0.37,RF|ROS|ISO,0.011494057868976226
0.37,RF|RUS|UNCAL,-0.15986684046775493
0.37,RF|RUS|PRIOR,0.009410141350049906
0.37,RF|RUS|PLATT,0.010905924034598106
0.37,RF|RUS|ISO,0.008663663791031534
0.37,RF|SMOTE|UNCAL,0.004176315737386943
0.37,RF|SMOTE|PRIOR,0.0003459056365653361
0.37,RF|SMOTE|PLATT,0.009602415872827369
0.37,RF|SMOTE|ISO,0.010308364978515207
0.37,HGB|NONE|UNCAL,0.015172721900350905
0.37,HGB|NONE|PRIOR,0.015172721900350905
0.37,HGB|NONE|PLATT,0.015172721900350905
0.37,HGB|NONE|ISO,0.01493426379122003
0.37,HGB|CSL|UNCAL,-0.09703925510587821
0.37,HGB|CSL|PRIOR,0.015207595220658579
0.37,HGB|CSL|PLATT,0.016330139125697585
0.37,HGB|CSL|ISO,0.016457379618712083
0.37,HGB|ROS|UNCAL,-0.0744479412016969
0.37,HGB|ROS|PRIOR,0.01597103817874556
0.37,HGB|ROS|PLATT,0.01529524978251301
0.37,HGB|ROS|ISO,0.014288636104442774
0.37,HGB|RUS|UNCAL,-0.11035615085255837
0.37,HGB|RUS|PRIOR,0.011712723012527064
0.37,HGB|RUS|PLATT,0.011862584037633024
0.37,HGB|RUS|ISO,0.0128550598831461
0.37,HGB|SMOTE|UNCAL,0.011925733023055038
0.37,HGB|SMOTE|PRIOR,0.00290108324073053
0.37,HGB|SMOTE|PLATT,0.01245543048286353
0.37,HGB|SMOTE|ISO,0.013094460514447452
0.38,Treat all,-0.2331656039121116
0.38,Treat none,0.0
0.38,LR|NONE|UNCAL,0.011065544724759659
0.38,LR|NONE|PRIOR,0.011065544724759659
0.38,LR|NONE|PLATT,0.010058018928459922
0.38,LR|NONE|ISO,0.010573274516301426
0.38,LR|CSL|UNCAL,-0.12026525127808288
0.38,LR|CSL|PRIOR,0.010900816172512935
0.38,LR|CSL|PLATT,0.010420038653746327
0.38,LR|CSL|ISO,0.00998140099718238
0.38,LR|ROS|UNCAL,-0.12150646176477911
0.38,LR|ROS|PRIOR,0.010611583481940197
0.38,LR|ROS|PLATT,0.010082919756125124
0.38,LR|ROS|ISO,0.009650028444406988
0.38,LR|RUS|UNCAL,-0.11945884755138667
0.38,LR|RUS|PRIOR,0.009395273822909146
0.38,LR|RUS|PLATT,0.00959831134079464
0.38,LR|RUS|ISO,0.01022466292898859
0.38,LR|SMOTE|UNCAL,-0.11596315443684865
0.38,LR|SMOTE|PRIOR,0.0051104160162123435
0.38,LR|SMOTE|PLATT,0.008558222923701946
0.38,LR|SMOTE|ISO,0.008546730234010314
0.38,RF|NONE|UNCAL,0.008895341821323153
0.38,RF|NONE|PRIOR,0.008895341821323153
0.38,RF|NONE|PLATT,0.010831860034363143
0.38,RF|NONE|ISO,0.010412376860618577
0.38,RF|CSL|UNCAL,-0.05029584098714543
0.38,RF|CSL|PRIOR,0.0020514451099563086
0.38,RF|CSL|PLATT,0.010843352724054775
0.38,RF|CSL|ISO,0.009971823755772678
0.38,RF|ROS|UNCAL,-0.0849213995797507
0.38,RF|ROS|PRIOR,0.00416993090978047
0.38,RF|ROS|PLATT,0.010448770377975404
0.38,RF|ROS|ISO,0.010607752585376315
0.38,RF|RUS|UNCAL,-0.16696579584002938
0.38,RF|RUS|PRIOR,0.008018066508195245
0.38,RF|RUS|PLATT,0.010490910240178057
0.38,RF|RUS|ISO,0.006328641123525339
0.38,RF|SMOTE|UNCAL,0.002786977250220743
0.38,RF|SMOTE|PRIOR,0.0002834863457269222
0.38,RF|SMOTE|PLATT,0.009366542098680066
0.38,RF|SMOTE|ISO,0.008579292854803272
0.38,HGB|NONE|UNCAL,0.013116989834715972
0.38,HGB|NONE|PRIOR,0.013116989834715972
0.38,HGB|NONE|PLATT,0.012938853144495673
0.38,HGB|NONE|ISO,0.012963753972160874
0.38,HGB|CSL|UNCAL,-0.10400309536442362
0.38,HGB|CSL|PRIOR,0.012492553694803957
0.38,HGB|CSL|PLATT,0.014704896460443123
0.38,HGB|CSL|ISO,0.010996588586609866
0.38,HGB|ROS|UNCAL,-0.07967881763208454
0.38,HGB|ROS|PRIOR,0.01494241204740351
0.38,HGB|ROS|PLATT,0.014666587494804352
0.38,HGB|ROS|ISO,0.012697506660971393
0.38,HGB|RUS|UNCAL,-0.11607425043720107
0.38,HGB|RUS|PRIOR,0.010797381965288247
0.38,HGB|RUS|PLATT,0.01084718362061865
0.38,HGB|RUS|ISO,0.011383509139561473
0.38,HGB|SMOTE|UNCAL,0.010345336170750716
0.38,HGB|SMOTE|PRIOR,0.0021472175240532416
0.38,HGB|SMOTE|PLATT,0.010822282792953448
0.38,HGB|SMOTE|ISO,0.011954312727579193
0.39,Treat all,-0.25338143348444125
0.39,Treat none,0.0
0.39,LR|NONE|UNCAL,0.009268948438675713
0.39,LR|NONE|PRIOR,0.009268948438675713
0.39,LR|NONE|PLATT,0.00841622854450643
0.39,LR|NONE|ISO,0.00902364545542153
0.39,LR|CSL|UNCAL,-0.1275332156787544
0.39,LR|CSL|PRIOR,0.008386052383868012
0.39,LR|CSL|PLATT,0.008470740318562913
0.39,LR|CSL|ISO,0.008478527714856698
0.39,LR|ROS|UNCAL,-0.1273696803565849
0.39,LR|ROS|PRIOR,0.008392866355625077
0.39,LR|ROS|PLATT,0.008418175393579877
0.39,LR|ROS|ISO,0.008605072904630674
0.39,LR|RUS|UNCAL,-0.1252300932248679
0.39,LR|RUS|PRIOR,0.007822439577105447
0.39,LR|RUS|PLATT,0.008634275640732363
0.39,LR|RUS|ISO,0.0071975010245293215
0.39,LR|SMOTE|UNCAL,-0.1222835371522076
0.39,LR|SMOTE|PRIOR,0.004739604069303925
0.39,LR|SMOTE|PLATT,0.007833147247009398
0.39,LR|SMOTE|ISO,0.007544040159602687
0.39,RF|NONE|UNCAL,0.008139775976077117
0.39,RF|NONE|PRIOR,0.008139775976077117
0.39,RF|NONE|PLATT,0.009377971986788684
0.39,RF|NONE|ISO,0.008825066849930056
0.39,RF|CSL|UNCAL,-0.04854176137276223
0.39,RF|CSL|PRIOR,0.0012742127185703116
0.39,RF|CSL|PLATT,0.009037273398935654
0.39,RF|CSL|ISO,0.00887471150130293
0.39,RF|ROS|UNCAL,-0.08587161893154979
0.39,RF|ROS|PRIOR,0.0038362660992250566
0.39,RF|ROS|PLATT,0.009357530071517496
0.39,RF|ROS|ISO,0.008634275640732367
0.39,RF|RUS|UNCAL,-0.17216765096111075
0.39,RF|RUS|PRIOR,0.0064810605655012486
0.39,RF|RUS|PLATT,0.008946744917020424
0.39,RF|RUS|ISO,0.007536252763308902
0.39,RF|SMOTE|UNCAL,0.0037681263816544477
0.39,RF|SMOTE|PRIOR,0.00031830982350839723
0.39,RF|SMOTE|PLATT,0.00833154060981153
0.39,RF|SMOTE|ISO,0.007826333275252336
0.39,HGB|NONE|UNCAL,0.012050995764629834
0.39,HGB|NONE|PRIOR,0.012050995764629834
0.39,HGB|NONE|PLATT,0.011542868156460467
0.39,HGB|NONE|ISO,0.010988989595065123
0.39,HGB|CSL|UNCAL,-0.10899239852779277
0.39,HGB|CSL|PRIOR,0.010550948553539809
0.39,HGB|CSL|PLATT,0.01205099576462984
0.39,HGB|CSL|ISO,0.009998043416681184
0.39,HGB|ROS|UNCAL,-0.08500527109386638
0.39,HGB|ROS|PRIOR,0.01256009679733593
0.39,HGB|ROS|PLATT,0.013603607900702908
0.39,HGB|ROS|ISO,0.01127809668247183
0.39,HGB|RUS|UNCAL,-0.12170240270378405
0.39,HGB|RUS|PRIOR,0.01121385066304812
0.39,HGB|RUS|PLATT,0.011171019983432305
0.39,HGB|RUS|ISO,0.010602540053986125
0.39,HGB|SMOTE|UNCAL,0.009177446532223757
0.39,HGB|SMOTE|PRIOR,0.0017161474582425207
0.39,HGB|SMOTE|PLATT,0.010131402578212219
0.39,HGB|SMOTE|ISO,0.010776783046059522
0.4,Treat all,-0.2742711240425153
0.4,Treat none,0.0
0.4,LR|NONE|UNCAL,0.00769946361063277
0.4,LR|NONE|PRIOR,0.00769946361063277
0.4,LR|NONE|PLATT,0.007818221404112976
0.4,LR|NONE|ISO,0.007362983195772218
0.4,LR|CSL|UNCAL,-0.13156384221047843
0.4,LR|CSL|PRIOR,0.007541119885992514
0.4,LR|CSL|PLATT,0.00730360429903212
0.4,LR|CSL|ISO,0.007402569126932289
0.4,LR|ROS|UNCAL,-0.13215763117787946
0.4,LR|ROS|PRIOR,0.007204639471131959
0.4,LR|ROS|PLATT,0.007244225402292023
0.4,LR|ROS|ISO,0.007620291748312646
0.4,LR|RUS|UNCAL,-0.12918868634087446
0.4,LR|RUS|PRIOR,0.006887952021851426
0.4,LR|RUS|PLATT,0.006630643469311005
0.4,LR|RUS|ISO,0.006313956020030476
0.4,LR|SMOTE|UNCAL,-0.12677394454011048
0.4,LR|SMOTE|PRIOR,0.003879421253686434
0.4,LR|SMOTE|PLATT,0.006927537953011497
0.4,LR|SMOTE|ISO,0.0063337489856105135
0.4,RF|NONE|UNCAL,0.006017061536329986
0.4,RF|NONE|PRIOR,0.006017061536329986
0.4,RF|NONE|PLATT,0.007956772163173208
0.4,RF|NONE|ISO,0.008233873681293667
0.4,RF|CSL|UNCAL,-0.04645409021633712
0.4,RF|CSL|PRIOR,0.0010292342101617083
0.4,RF|CSL|PLATT,0.007066088712071726
0.4,RF|CSL|ISO,0.007541119885992514
0.4,RF|ROS|UNCAL,-0.08261583833105723
0.4,RF|ROS|PRIOR,0.0035627338044059136
0.4,RF|ROS|PLATT,0.007402569126932292
0.4,RF|ROS|ISO,0.007521326920412484
0.4,RF|RUS|UNCAL,-0.17540526097025125
0.4,RF|RUS|PRIOR,0.004928448429428181
0.4,RF|RUS|PLATT,0.00706608871207173
0.4,RF|RUS|ISO,0.007442155058092349
0.4,RF|SMOTE|UNCAL,0.003820042356946343
0.4,RF|SMOTE|PRIOR,0.00031668744928052566
0.4,RF|SMOTE|PLATT,0.006591057538150938
0.4,RF|SMOTE|ISO,0.0072838113334520865
0.4,HGB|NONE|UNCAL,0.010035033549076654
0.4,HGB|NONE|PRIOR,0.010035033549076654
0.4,HGB|NONE|PLATT,0.010529857688577476
0.4,HGB|NONE|ISO,0.009480830512835735
0.4,HGB|CSL|UNCAL,-0.11337410684242824
0.4,HGB|CSL|PRIOR,0.009124557132395142
0.4,HGB|CSL|PLATT,0.00979751796211626
0.4,HGB|CSL|ISO,0.008966213407754883
0.4,HGB|ROS|UNCAL,-0.08881103655760741
0.4,HGB|ROS|PRIOR,0.011361162242938865
0.4,HGB|ROS|PLATT,0.01132157631177879
0.4,HGB|ROS|ISO,0.01153929893315915
0.4,HGB|RUS|UNCAL,-0.12810007323397268
0.4,HGB|RUS|PRIOR,0.009540209409575836
0.4,HGB|RUS|PLATT,0.009560002375155863
0.4,HGB|RUS|ISO,0.009718346099796132
0.4,HGB|SMOTE|UNCAL,0.007897393266433107
0.4,HGB|SMOTE|PRIOR,0.0013855075906023
0.4,HGB|SMOTE|PLATT,0.009322486788195472
0.4,HGB|SMOTE|ISO,0.00936207271935554
0.41,Treat all,-0.29586893970425276
0.41,Treat none,0.0
0.41,LR|NONE|UNCAL,0.006115019942251516
0.41,LR|NONE|PRIOR,0.006115019942251516
0.41,LR|NONE|PLATT,0.005987204350963501
0.41,LR|NONE|ISO,0.007215039164911303
0.41,LR|CSL|UNCAL,-0.13630878636580007
0.41,LR|CSL|PRIOR,0.0059711015993051675
0.41,LR|CSL|PLATT,0.0057829006892984175
0.41,LR|CSL|ISO,0.006312278650066078
0.41,LR|ROS|UNCAL,-0.13640439645377148
0.41,LR|ROS|PRIOR,0.006154270399418696
0.41,LR|ROS|PLATT,0.005815106192615077
0.41,LR|ROS|ISO,0.006376689656699408
0.41,LR|RUS|UNCAL,-0.1340060928786587
0.41,LR|RUS|PRIOR,0.0057527080299390465
0.41,LR|RUS|PLATT,0.00545480712425991
0.41,LR|RUS|ISO,0.005361209880245851
0.41,LR|SMOTE|UNCAL,-0.13275309751524472
0.41,LR|SMOTE|PRIOR,0.00417665121137982
0.41,LR|SMOTE|PLATT,0.006402856628144191
0.41,LR|SMOTE|ISO,0.00502305209542089
0.41,RF|NONE|UNCAL,0.004972730996488595
0.41,RF|NONE|PRIOR,0.004972730996488595
0.41,RF|NONE|PLATT,0.006778252026179054
0.41,RF|NONE|ISO,0.007339835490263371
0.41,RF|CSL|UNCAL,-0.044330875315387444
0.41,RF|CSL|PRIOR,0.0006873862114150396
0.41,RF|CSL|PLATT,0.0061733924170129725
0.41,RF|CSL|ISO,0.006119045630166093
0.41,RF|ROS|UNCAL,-0.07924063448867219
0.41,RF|ROS|PRIOR,0.0026197164104148577
0.41,RF|ROS|PLATT,0.006426004333653045
0.41,RF|ROS|ISO,0.006370651124827535
0.41,RF|RUS|UNCAL,-0.18009518739074032
0.41,RF|RUS|PRIOR,0.003196396204178867
0.41,RF|RUS|PLATT,0.006092878658721303
0.41,RF|RUS|ISO,0.00591776123443695
0.41,RF|SMOTE|UNCAL,0.003840506270512148
0.41,RF|SMOTE|PRIOR,0.00031501007931611613
0.41,RF|SMOTE|PLATT,0.004826799809584965
0.41,RF|SMOTE|ISO,0.0045198411060980125
0.41,HGB|NONE|UNCAL,0.008229512519386202
0.41,HGB|NONE|PRIOR,0.008229512519386202
0.41,HGB|NONE|PLATT,0.008861545521975728
0.41,HGB|NONE|ISO,0.008606920761378357
0.41,HGB|CSL|UNCAL,-0.11826867239857522
0.41,HGB|CSL|PRIOR,0.0074324263122987795
0.41,HGB|CSL|PLATT,0.008449918932709629
0.41,HGB|CSL|ISO,0.007840027213650309
0.41,HGB|ROS|UNCAL,-0.09318360458083019
0.41,HGB|ROS|PRIOR,0.01066606012968754
0.41,HGB|ROS|PLATT,0.010446660138342775
0.41,HGB|ROS|ISO,0.01057145646369484
0.41,HGB|RUS|UNCAL,-0.1329241892516145
0.41,HGB|RUS|PRIOR,0.008925956528609062
0.41,HGB|RUS|PLATT,0.008925956528609062
0.41,HGB|RUS|ISO,0.008804179469192926
0.41,HGB|SMOTE|UNCAL,0.007383111635345142
0.41,HGB|SMOTE|PRIOR,0.0012117320622894692
0.41,HGB|SMOTE|PLATT,0.007843046479586242
0.41,HGB|SMOTE|ISO,0.008140947385265381
0.42,Treat all,-0.31821150763018824
0.42,Treat none,0.0
0.42,LR|NONE|UNCAL,0.005565235908261655
0.42,LR|NONE|PRIOR,0.005565235908261655
0.42,LR|NONE|PLATT,0.00624297435036416
0.42,LR|NONE|ISO,0.006324876276902227
0.42,LR|CSL|UNCAL,-0.138803290000389
0.42,LR|CSL|PRIOR,0.005137298342100256
0.42,LR|CSL|PLATT,0.005288816906195679
0.42,LR|CSL|ISO,0.005184391949859646
0.42,LR|ROS|UNCAL,-0.14072593772587008
0.42,LR|ROS|PRIOR,0.005079966993523612
0.42,LR|ROS|PLATT,0.0045619373081703385
0.42,LR|ROS|ISO,0.005151631179244415
0.42,LR|RUS|UNCAL,-0.13807231530603672
0.42,LR|RUS|PRIOR,0.004295756046921624
0.42,LR|RUS|PLATT,0.004594698078785559
0.42,LR|RUS|ISO,0.004375610425296231
0.42,LR|SMOTE|UNCAL,-0.1368785947267444
0.42,LR|SMOTE|PRIOR,0.0034808318778678585
0.42,LR|SMOTE|PLATT,0.00620816603158548
0.42,LR|SMOTE|ISO,0.006095550882595635
0.42,RF|NONE|UNCAL,0.004725741161246466
0.42,RF|NONE|PRIOR,0.004725741161246466
0.42,RF|NONE|PLATT,0.006265497380162129
0.42,RF|NONE|ISO,0.006355589499354001
0.42,RF|CSL|UNCAL,-0.04103696029189846
0.42,RF|CSL|PRIOR,0.000724832049861893
0.42,RF|CSL|PLATT,0.0049714469408606715
0.42,RF|CSL|ISO,0.004975542037187575
0.42,RF|ROS|UNCAL,-0.07968238432888533
0.42,RF|ROS|PRIOR,0.0022891588467389727
0.42,RF|ROS|PLATT,0.00516391646822513
0.42,RF|ROS|ISO,0.005180296853532745
0.42,RF|RUS|UNCAL,-0.18188165581124874
0.42,RF|RUS|PRIOR,0.003085655082321675
0.42,RF|RUS|PLATT,0.004566032404497239
0.42,RF|RUS|ISO,0.0048137857322748945
0.42,RF|SMOTE|UNCAL,0.0033334084100993325
0.42,RF|SMOTE|PRIOR,0.00019451707552790913
0.42,RF|SMOTE|PLATT,0.004088953682412997
0.42,RF|SMOTE|ISO,0.004084858586086091
0.42,HGB|NONE|UNCAL,0.007997723126442247
0.42,HGB|NONE|PRIOR,0.007997723126442247
0.42,HGB|NONE|PLATT,0.007250368046782384
0.42,HGB|NONE|ISO,0.007643497294165105
0.42,HGB|CSL|UNCAL,-0.12249456887849644
0.42,HGB|CSL|PRIOR,0.00578022846542408
0.42,HGB|CSL|PLATT,0.006736433457756017
0.42,HGB|CSL|ISO,0.006736433457756017
0.42,HGB|ROS|UNCAL,-0.0962450014230459
0.42,HGB|ROS|PRIOR,0.010270501587873602
0.42,HGB|ROS|PLATT,0.009916275755596463
0.42,HGB|ROS|ISO,0.008521895456285872
0.42,HGB|RUS|UNCAL,-0.13735567344882865
0.42,HGB|RUS|PRIOR,0.007698781094578302
0.42,HGB|RUS|PLATT,0.007698781094578302
0.42,HGB|RUS|ISO,0.007858489851327533
0.42,HGB|SMOTE|UNCAL,0.006920712792466664
0.42,HGB|SMOTE|PRIOR,0.0010831529784659363
0.42,HGB|SMOTE|PLATT,0.007043565682273763
0.42,HGB|SMOTE|ISO,0.006980091689206765
0.43,Treat all,-0.3413380253079108
0.43,Treat none,0.0
0.43,LR|NONE|UNCAL,0.003910673304602288
0.43,LR|NONE|PRIOR,0.003910673304602288
0.43,LR|NONE|PLATT,0.005184715246938084
0.43,LR|NONE|ISO,0.005403479603348974
0.43,LR|CSL|UNCAL,-0.14180097235547748
0.43,LR|CSL|PRIOR,0.003686700273038756
0.43,LR|CSL|PLATT,0.004697183252650956
0.43,LR|CSL|ISO,0.004016930277716147
0.43,LR|ROS|UNCAL,-0.1421103676595443
0.43,LR|ROS|PRIOR,0.003914840244724396
0.43,LR|ROS|PLATT,0.003969010466311856
0.43,LR|ROS|ISO,0.0036491978119397445
0.43,LR|RUS|UNCAL,-0.1429062532228677
0.43,LR|RUS|PRIOR,0.0038637952282285226
0.43,LR|RUS|PLATT,0.003626279641268125
0.43,LR|RUS|ISO,0.003355428533330835
0.43,LR|SMOTE|UNCAL,-0.14161971046016553
0.43,LR|SMOTE|PRIOR,0.0029522770765164803
0.43,LR|SMOTE|PLATT,0.0060389379719710794
0.43,LR|SMOTE|ISO,0.005615993549576689
0.43,RF|NONE|UNCAL,0.0031356224418894177
0.43,RF|NONE|PRIOR,0.0031356224418894177
0.43,RF|NONE|PLATT,0.004938865779733466
0.43,RF|NONE|ISO,0.005398270928196329
0.43,RF|CSL|UNCAL,-0.03841189578066059
0.43,RF|CSL|PRIOR,0.0004885737293176531
0.43,RF|CSL|PLATT,0.004337784667118785
0.43,RF|CSL|ISO,0.003762746930267298
0.43,RF|ROS|UNCAL,-0.07910519127817761
0.43,RF|ROS|PRIOR,0.0019678374726674773
0.43,RF|ROS|PLATT,0.003401264874674067
0.43,RF|ROS|ISO,0.003948175765701296
0.43,RF|RUS|UNCAL,-0.18200048544852418
0.43,RF|RUS|PRIOR,0.003016864648409219
0.43,RF|RUS|PLATT,0.004813857576070099
0.43,RF|RUS|ISO,0.00529201395508247
0.43,RF|SMOTE|UNCAL,0.003721077529046178
0.43,RF|SMOTE|PRIOR,0.00019272098064768836
0.43,RF|SMOTE|PLATT,0.002823101932731005
0.43,RF|SMOTE|ISO,0.003474186326811032
0.43,HGB|NONE|UNCAL,0.006943163978469426
0.43,HGB|NONE|PRIOR,0.006943163978469426
0.43,HGB|NONE|PLATT,0.0072421419322309735
0.43,HGB|NONE|ISO,0.007053587891705397
0.43,HGB|CSL|UNCAL,-0.12408001775116487
0.43,HGB|CSL|PRIOR,0.006061856142642694
0.43,HGB|CSL|PLATT,0.0050649157184273555
0.43,HGB|CSL|ISO,0.005594117113935607
0.43,HGB|ROS|UNCAL,-0.09903254067714853
0.43,HGB|ROS|PRIOR,0.009227688900417422
0.43,HGB|ROS|PLATT,0.008983922903273864
0.43,HGB|ROS|ISO,0.007860932540364629
0.43,HGB|RUS|UNCAL,-0.14179680541535533
0.43,HGB|RUS|PRIOR,0.00744111332306183
0.43,HGB|RUS|PLATT,0.007559871116542025
0.43,HGB|RUS|ISO,0.006879618141607216
0.43,HGB|SMOTE|UNCAL,0.005353476321883627
0.43,HGB|SMOTE|PRIOR,0.0011094478075123681
0.43,HGB|SMOTE|PLATT,0.00592643058867405
0.43,HGB|SMOTE|ISO,0.005778504214339068
0.44,Treat all,-0.36529049004555203
0.44,Treat none,0.0
0.44,LR|NONE|UNCAL,0.004275280565287101
0.44,LR|NONE|PRIOR,0.004275280565287101
0.44,LR|NONE|PLATT,0.0037748012927634085
0.44,LR|NONE|ISO,0.004449175905740243
0.44,LR|CSL|UNCAL,-0.14490995614444338
0.44,LR|CSL|PRIOR,0.0033337009169798204
0.44,LR|CSL|PLATT,0.003838421539270661
0.44,LR|CSL|ISO,0.002519361761687041
0.44,LR|ROS|UNCAL,-0.1451941265788424
0.44,LR|ROS|PRIOR,0.0028332216444561346
0.44,LR|ROS|PLATT,0.003189495024896724
0.44,LR|ROS|ISO,0.002676291703071588
0.44,LR|RUS|UNCAL,-0.1461738783750541
0.44,LR|RUS|PRIOR,0.001925572794286054
0.44,LR|RUS|PLATT,0.003753594543927659
0.44,LR|RUS|ISO,0.0022988115737952453
0.44,LR|SMOTE|UNCAL,-0.14611025812854678
0.44,LR|SMOTE|PRIOR,0.002621154156098638
0.44,LR|SMOTE|PLATT,0.004771518488043637
0.44,LR|SMOTE|ISO,0.004869069532688085
0.44,RF|NONE|UNCAL,0.002621154156098638
0.44,RF|NONE|PRIOR,0.002621154156098638
0.44,RF|NONE|PLATT,0.004351624861095797
0.44,RF|NONE|ISO,0.004347383511328642
0.44,RF|CSL|UNCAL,-0.035279547363152836
0.44,RF|CSL|PRIOR,0.000453824425085039
0.44,RF|CSL|PLATT,0.004241349767149901
0.44,RF|CSL|ISO,0.004610347196891941
0.44,RF|ROS|UNCAL,-0.0749573744348401
0.44,RF|ROS|PRIOR,0.0017347120547643083
0.44,RF|ROS|PLATT,0.0024515001654126407
0.44,RF|ROS|ISO,0.002413328017508296
0.44,RF|RUS|UNCAL,-0.18061363848431122
0.44,RF|RUS|PRIOR,0.0019128487449846035
0.44,RF|RUS|PLATT,0.004394038358767293
0.44,RF|RUS|ISO,0.0027908081467846336
0.44,RF|SMOTE|UNCAL,0.0025278444612213437
0.44,RF|SMOTE|PRIOR,7.210294604154826e-05
0.44,RF|SMOTE|PLATT,0.002892600541196229
0.44,RF|SMOTE|ISO,0.0027823254472503327
0.44,HGB|NONE|UNCAL,0.006468058394903598
0.44,HGB|NONE|PRIOR,0.006468058394903598
0.44,HGB|NONE|PLATT,0.005738546234953814
0.44,HGB|NONE|ISO,0.006468058394903595
0.44,HGB|CSL|UNCAL,-0.12786397143026798
0.44,HGB|CSL|PRIOR,0.00518717076522433
0.44,HGB|CSL|PLATT,0.003961420682518004
0.44,HGB|CSL|ISO,0.004411003757835895
0.44,HGB|ROS|UNCAL,-0.10202142729902364
0.44,HGB|ROS|PRIOR,0.007519913137156772
0.44,HGB|ROS|PLATT,0.007681084428308466
0.44,HGB|ROS|ISO,0.007176363806017629
0.44,HGB|RUS|UNCAL,-0.14463002705981148
0.44,HGB|RUS|PRIOR,0.00739267264414227
0.44,HGB|RUS|PLATT,0.007464775590183822
0.44,HGB|RUS|ISO,0.006858262573481388
0.44,HGB|SMOTE|UNCAL,0.004979344626633984
0.44,HGB|SMOTE|PRIOR,0.0010900268901575237
0.44,HGB|SMOTE|PLATT,0.004864828182920937
0.44,HGB|SMOTE|ISO,0.003668767548584662
0.45,Treat all,-0.3901139535009258
0.45,Treat none,0.0
0.45,LR|NONE|UNCAL,0.0032550431576617717
0.45,LR|NONE|PRIOR,0.0032550431576617717
0.45,LR|NONE|PLATT,0.0032388489130962886
0.45,LR|NONE|ISO,0.0034601702554911996
0.45,LR|CSL|UNCAL,-0.14480353682301306
0.45,LR|CSL|PRIOR,0.0027206330870008857
0.45,LR|CSL|PLATT,0.0022941846467765398
0.45,LR|CSL|ISO,0.0028987697772211787
0.45,LR|ROS|UNCAL,-0.14701135216544037
0.45,LR|ROS|PRIOR,0.0025964772119988558
0.45,LR|ROS|PLATT,0.0025856810489552004
0.45,LR|ROS|ISO,0.0020512709782943145
0.45,LR|RUS|UNCAL,-0.148614582377423
0.45,LR|RUS|PRIOR,0.0011228009565400487
0.45,LR|RUS|PLATT,0.0037948513098444853
0.45,LR|RUS|ISO,0.001252354913063896
0.45,LR|SMOTE|UNCAL,-0.14987773345353061
0.45,LR|SMOTE|PRIOR,0.0017597745761156504
0.45,LR|SMOTE|PLATT,0.0036383069457114944
0.45,LR|SMOTE|ISO,0.004237493994634307
0.45,RF|NONE|UNCAL,0.0020296786522070063
0.45,RF|NONE|PRIOR,0.0020296786522070063
0.45,RF|NONE|PLATT,0.003762462820713519
0.45,RF|NONE|ISO,0.0033522086250546597
0.45,RF|CSL|UNCAL,-0.03408888481033839
0.45,RF|CSL|PRIOR,0.00043724460326799853
0.45,RF|CSL|PLATT,0.003719278168538901
0.45,RF|CSL|ISO,0.0032982278098363828
0.45,RF|ROS|UNCAL,-0.06961905738700466
0.45,RF|ROS|PRIOR,0.0015222589891552543
0.45,RF|ROS|PLATT,0.00249391366308414
0.45,RF|ROS|ISO,0.0015654436413298743
0.45,RF|RUS|UNCAL,-0.17869269261704385
0.45,RF|RUS|PRIOR,0.0011983740978456256
0.45,RF|RUS|PLATT,0.003562733804405912
0.45,RF|RUS|ISO,0.0022941846467765354
0.45,RF|SMOTE|UNCAL,0.0011066067119745622
0.45,RF|SMOTE|PRIOR,7.017505978375286e-05
0.45,RF|SMOTE|PLATT,0.003233450831574459
0.45,RF|SMOTE|ISO,0.002974342918526756
0.45,HGB|NONE|UNCAL,0.005678781760962152
0.45,HGB|NONE|PRIOR,0.005678781760962152
0.45,HGB|NONE|PLATT,0.005630199027265713
0.45,HGB|NONE|ISO,0.005819131880529658
0.45,HGB|CSL|UNCAL,-0.1297374912955935
0.45,HGB|CSL|PRIOR,0.0041727170163723855
0.45,HGB|CSL|PLATT,0.004345455625070851
0.45,HGB|CSL|ISO,0.004237493994634304
0.45,HGB|ROS|UNCAL,-0.10267690862667406
0.45,HGB|ROS|PRIOR,0.006326551543581412
0.45,HGB|ROS|PLATT,0.006504688233801709
0.45,HGB|ROS|ISO,0.006466901663148918
0.45,HGB|RUS|UNCAL,-0.1443231075675705
0.45,HGB|RUS|PRIOR,0.00613761869031746
0.45,HGB|RUS|PLATT,0.006375134277277858
0.45,HGB|RUS|ISO,0.005781345309876871
0.45,HGB|SMOTE|UNCAL,0.0040215707337612205
0.45,HGB|SMOTE|PRIOR,0.0007125467608811829
0.45,HGB|SMOTE|PLATT,0.004788098309860676
0.45,HGB|SMOTE|ISO,0.003292829728314557
0.46,Treat all,-0.4158568044916836
0.46,Treat none,0.0
0.46,LR|NONE|UNCAL,0.002731429250044534
0.46,LR|NONE|PRIOR,0.002731429250044534
0.46,LR|NONE|PLATT,0.003052515136120624
0.46,LR|NONE|ISO,0.003017327641756119
0.46,LR|CSL|UNCAL,-0.14665267963765677
0.46,LR|CSL|PRIOR,0.0026984409740778113
0.46,LR|CSL|PLATT,0.0023091793176704973
0.46,LR|CSL|ISO,0.001979296558003286
0.46,LR|ROS|UNCAL,-0.14671205853439687
0.46,LR|ROS|PRIOR,0.00148887085529803
0.46,LR|ROS|PLATT,0.0021200465354612973
0.46,LR|ROS|ISO,0.002018882489163351
0.46,LR|RUS|UNCAL,-0.14945008543963478
0.46,LR|RUS|PRIOR,0.0007169451976767431
0.46,LR|RUS|PLATT,0.0027358276868400967
0.46,LR|RUS|ISO,0.0020848590410967958
0.46,LR|SMOTE|UNCAL,-0.15404865110939575
0.46,LR|SMOTE|PRIOR,0.0013833083722045204
0.46,LR|SMOTE|PLATT,0.0025137066286641738
0.46,LR|SMOTE|ISO,0.003756265023410678
0.46,RF|NONE|UNCAL,0.0019748981212077228
0.46,RF|NONE|PRIOR,0.0019748981212077228
0.46,RF|NONE|PLATT,0.0027688159628068195
0.46,RF|NONE|ISO,0.0024851167894930134
0.46,RF|CSL|UNCAL,-0.03158737384733465
0.46,RF|CSL|PRIOR,0.0003650702540317171
0.46,RF|CSL|PLATT,0.0034021908613678688
0.46,RF|CSL|ISO,0.002463124605515201
0.46,RF|ROS|UNCAL,-0.06442830218140473
0.46,RF|ROS|PRIOR,0.0012491560499398515
0.46,RF|ROS|PLATT,0.0023311715016483166
0.46,RF|ROS|ISO,0.002867780790706983
0.46,RF|RUS|UNCAL,-0.1746377337494254
0.46,RF|RUS|PRIOR,0.0009918474973994247
0.46,RF|RUS|PLATT,0.0034351791373345916
0.46,RF|RUS|ISO,0.0020562692019256354
0.46,RF|SMOTE|UNCAL,0.000857695175134756
0.46,RF|SMOTE|PRIOR,6.817577033122428e-05
0.46,RF|SMOTE|PLATT,0.0028985698482759236
0.46,RF|SMOTE|ISO,0.0025225035022553004
0.46,HGB|NONE|UNCAL,0.00464474925611438
0.46,HGB|NONE|PRIOR,0.00464474925611438
0.46,HGB|NONE|PLATT,0.004994424981361625
0.46,HGB|NONE|ISO,0.005159366361195232
0.46,HGB|CSL|UNCAL,-0.12977807687147985
0.46,HGB|CSL|PRIOR,0.003995979828768856
0.46,HGB|CSL|PLATT,0.003619913482748229
0.46,HGB|CSL|ISO,0.003573729896394817
0.46,HGB|ROS|UNCAL,-0.10348862014440066
0.46,HGB|ROS|PRIOR,0.005102186682852915
0.46,HGB|ROS|PLATT,0.004957038268599343
0.46,HGB|ROS|ISO,0.0057311631446184015
0.46,HGB|RUS|UNCAL,-0.14635358593555856
0.46,HGB|RUS|PRIOR,0.006017061536329988
0.46,HGB|RUS|PLATT,0.006153413076992435
0.46,HGB|RUS|ISO,0.005007620291748314
0.46,HGB|SMOTE|UNCAL,0.002595077709382089
0.46,HGB|SMOTE|PRIOR,0.0006729608297211171
0.46,HGB|SMOTE|PLATT,0.0037760579889907116
0.46,HGB|SMOTE|ISO,0.002749022997226786
0.47,Treat all,-0.4425710838217154
0.47,Treat none,0.0
0.47,LR|NONE|UNCAL,0.0017343119274277896
0.47,LR|NONE|PRIOR,0.0017343119274277896
0.47,LR|NONE|PLATT,0.0026440414397477883
0.47,LR|NONE|ISO,0.001161809734329852
0.47,LR|CSL|UNCAL,-0.14648325683165403
0.47,LR|CSL|PRIOR,0.0014250935217623682
0.47,LR|CSL|PLATT,0.0023471469560472948
0.47,LR|CSL|ISO,0.0015684991591724158
0.47,LR|ROS|UNCAL,-0.14583345003713977
0.47,LR|ROS|PRIOR,0.0009971173226167515
0.47,LR|ROS|PLATT,0.0016950994484484765
0.47,LR|ROS|ISO,0.0017948111807101486
0.47,LR|RUS|UNCAL,-0.15034736654592953
0.47,LR|RUS|PRIOR,-5.601782711327219e-06
0.47,LR|RUS|PLATT,0.0017074233704134027
0.47,LR|RUS|ISO,0.0017612004844421714
0.47,LR|SMOTE|UNCAL,-0.15289281660995788
0.47,LR|SMOTE|PRIOR,0.0016357205517083737
0.47,LR|SMOTE|PLATT,0.0018553104339925144
0.47,LR|SMOTE|ISO,0.0032064604239653224
0.47,RF|NONE|UNCAL,0.001689497665737144
0.47,RF|NONE|PRIOR,0.001689497665737144
0.47,RF|NONE|PLATT,0.002460302966816161
0.47,RF|NONE|ISO,0.0021510845611507397
0.47,RF|CSL|UNCAL,-0.027563011652828373
0.47,RF|CSL|PRIOR,0.0002442377262139903
0.47,RF|CSL|PLATT,0.002964463410835864
0.47,RF|CSL|ISO,0.002761678876685717
0.47,RF|ROS|UNCAL,-0.05923100967651944
0.47,RF|ROS|PRIOR,0.0008189806323964537
0.47,RF|ROS|PLATT,0.002632837874325127
0.47,RF|ROS|ISO,0.002247435223785621
0.47,RF|RUS|UNCAL,-0.1695782865939256
0.47,RF|RUS|PRIOR,0.0010004783922435477
0.47,RF|RUS|PLATT,0.0020144010629942876
0.47,RF|RUS|ISO,0.0018093758157596077
0.47,RF|SMOTE|UNCAL,0.0008660356071716301
0.47,RF|SMOTE|PRIOR,6.610103599369465e-05
0.47,RF|SMOTE|PLATT,0.001985271792895371
0.47,RF|SMOTE|ISO,0.0016749330306876867
0.47,HGB|NONE|UNCAL,0.004209179529293405
0.47,HGB|NONE|PRIOR,0.004209179529293405
0.47,HGB|NONE|PLATT,0.0038192954525848345
0.47,HGB|NONE|ISO,0.004474704029810449
0.47,HGB|CSL|UNCAL,-0.1305316203828706
0.47,HGB|CSL|PRIOR,0.004033283552157641
0.47,HGB|CSL|PLATT,0.0026720503533044365
0.47,HGB|CSL|ISO,0.0028849180963349784
0.47,HGB|ROS|UNCAL,-0.1048978626958243
0.47,HGB|ROS|PRIOR,0.004295446983047886
0.47,HGB|ROS|PLATT,0.004109467797031729
0.47,HGB|ROS|ISO,0.004967660908407494
0.47,HGB|RUS|UNCAL,-0.14785793430901448
0.47,HGB|RUS|PRIOR,0.0058516222202553755
0.47,HGB|RUS|PLATT,0.005805687602022469
0.47,HGB|RUS|ISO,0.005876270064185228
0.47,HGB|SMOTE|UNCAL,0.0030899433435696635
0.47,HGB|SMOTE|PRIOR,0.0006867785604090647
0.47,HGB|SMOTE|PLATT,0.0025891439691767514
0.47,HGB|SMOTE|ISO,0.0023527487387586237
0.48,Treat all,-0.47031283543367153
0.48,Treat none,0.0
0.48,LR|NONE|UNCAL,0.0013611470175807251
0.48,LR|NONE|PRIOR,0.0013611470175807251
0.48,LR|NONE|PLATT,0.001534716100359471
0.48,LR|NONE|ISO,0.0008084665171536488
0.48,LR|CSL|UNCAL,-0.145574216769514
0.48,LR|CSL|PRIOR,0.00020097472742802713
0.48,LR|CSL|PLATT,0.0015529865301256562
0.48,LR|CSL|ISO,0.001141901860386511
0.48,LR|ROS|UNCAL,-0.14731447520474295
0.48,LR|ROS|PRIOR,0.00045219313671306105
0.48,LR|ROS|PLATT,0.00046589595903769737
0.48,LR|ROS|ISO,0.0016169330343072993
0.48,LR|RUS|UNCAL,-0.15109645416634315
0.48,LR|RUS|PRIOR,-0.0004887339962454246
0.48,LR|RUS|PLATT,0.0012012807571266087
0.48,LR|RUS|ISO,0.0014250935217623682
0.48,LR|SMOTE|UNCAL,-0.15445364563587946
0.48,LR|SMOTE|PRIOR,0.0016260682491903954
0.48,LR|SMOTE|PLATT,0.0017128527905797657
0.48,LR|SMOTE|ISO,0.00257613059703197
0.48,RF|NONE|UNCAL,0.001502742848268649
0.48,RF|NONE|PRIOR,0.001502742848268649
0.48,RF|NONE|PLATT,0.0014022554845546376
0.48,RF|NONE|ISO,0.0018042049394106866
0.48,RF|CSL|UNCAL,-0.024304239196466487
0.48,RF|CSL|PRIOR,0.0002420831944019403
0.48,RF|CSL|PLATT,0.0028547546509662767
0.48,RF|CSL|ISO,0.002352317832396214
0.48,RF|ROS|UNCAL,-0.054171824256736084
0.48,RF|ROS|PRIOR,0.0006760059013488145
0.48,RF|ROS|PLATT,0.0015849597822164777
0.48,RF|ROS|ISO,0.0024528051961102268
0.48,RF|RUS|UNCAL,-0.16285804332832415
0.48,RF|RUS|PRIOR,0.0006029241822840777
0.48,RF|RUS|PLATT,0.0010688201413217736
0.48,RF|RUS|ISO,0.0015529865301256553
0.48,RF|SMOTE|UNCAL,0.0015347161003594727
0.48,RF|SMOTE|PRIOR,6.394650418164462e-05
0.48,RF|SMOTE|PLATT,0.0014707695961778278
0.48,RF|SMOTE|ISO,0.0013474441952560836
0.48,HGB|NONE|UNCAL,0.0031105406676928578
0.48,HGB|NONE|PRIOR,0.0031105406676928578
0.48,HGB|NONE|PLATT,0.003526192944873545
0.48,HGB|NONE|ISO,0.0037637085318339425
0.48,HGB|CSL|UNCAL,-0.13044630092311346
0.48,HGB|CSL|PRIOR,0.003608409878821375
0.48,HGB|CSL|PLATT,0.0026446447086551604
0.48,HGB|CSL|ISO,0.0030557293783943056
0.48,HGB|ROS|UNCAL,-0.10545235300297348
0.48,HGB|ROS|PRIOR,0.003809384606249404
0.48,HGB|ROS|PLATT,0.003635815523470651
0.48,HGB|ROS|ISO,0.004174793201573088
0.48,HGB|RUS|UNCAL,-0.1487350011190638
0.48,HGB|RUS|PRIOR,0.004448849648065847
0.48,HGB|RUS|PLATT,0.004407741181091931
0.48,HGB|RUS|ISO,0.005344100706608871
0.48,HGB|SMOTE|UNCAL,0.001827042976618419
0.48,HGB|SMOTE|PRIOR,0.0006120593971671699
0.48,HGB|SMOTE|PLATT,0.0020051796668387155
0.48,HGB|SMOTE|ISO,0.001941233162657069
0.49,Treat all,-0.49914249887354734
0.49,Treat none,0.0
0.49,LR|NONE|UNCAL,0.001480979542223631
0.49,LR|NONE|PRIOR,0.001480979542223631
0.49,LR|NONE|PLATT,0.0003516162120688199
0.49,LR|NONE|ISO,0.00044126670322543714
0.49,LR|CSL|UNCAL,-0.14604065009413295
0.49,LR|CSL|PRIOR,0.0004063379404371445
0.49,LR|CSL|PLATT,0.0007556255683200779
0.49,LR|CSL|ISO,0.000698575255765865
0.49,LR|ROS|UNCAL,-0.14797221067632557
0.49,LR|ROS|PRIOR,0.0002165583292874189
0.49,LR|ROS|PLATT,0.0005821460464715544
0.49,LR|ROS|ISO,0.001377357545951698
0.49,LR|RUS|UNCAL,-0.15224749124161274
0.49,LR|RUS|PRIOR,-0.00013389359068845252
0.49,LR|RUS|PLATT,0.000698575255765865
0.49,LR|RUS|ISO,0.0010164269971393355
0.49,LR|SMOTE|UNCAL,-0.15474140490469687
0.49,LR|SMOTE|PRIOR,0.001996760939397428
0.49,LR|SMOTE|PLATT,0.0011200489934112719
0.49,LR|SMOTE|ISO,0.0013971505115317317
0.49,RF|NONE|UNCAL,0.0015636442808225955
0.49,RF|NONE|PRIOR,0.0015636442808225955
0.49,RF|NONE|PLATT,0.002098054351483483
0.49,RF|NONE|ISO,0.0014437221952494535
0.49,RF|CSL|UNCAL,-0.022980797330511088
0.49,RF|CSL|PRIOR,0.00023984417114628046
0.49,RF|CSL|PLATT,0.002139968866829437
0.49,RF|CSL|ISO,0.0022098263924060224
0.49,RF|ROS|UNCAL,-0.0502345466421234
0.49,RF|ROS|PRIOR,0.0006054318883304168
0.49,RF|ROS|PLATT,0.0013750289617658114
0.49,RF|ROS|ISO,0.0024834350342476524
0.49,RF|RUS|UNCAL,-0.15542833723953323
0.49,RF|RUS|PRIOR,5.588602046126918e-05
0.49,RF|RUS|PLATT,0.0002608014288192576
0.49,RF|RUS|ISO,0.0012865427627021357
0.49,RF|SMOTE|UNCAL,0.001042041423184082
0.49,RF|SMOTE|PRIOR,6.170748092598478e-05
0.49,RF|SMOTE|PLATT,0.0010071126603957894
0.49,RF|SMOTE|ISO,0.0010071126603957894
0.49,HGB|NONE|UNCAL,0.0028269012016658695
0.49,HGB|NONE|PRIOR,0.0028269012016658695
0.49,HGB|NONE|PLATT,0.0024950779551770816
0.49,HGB|NONE|ISO,0.0030818811700204125
0.49,HGB|CSL|UNCAL,-0.13014224156499485
0.49,HGB|CSL|PRIOR,0.004042422146698475
0.49,HGB|CSL|PLATT,0.002958466208168439
0.49,HGB|CSL|ISO,0.0030888669225780686
0.49,HGB|ROS|UNCAL,-0.10449637963373698
0.49,HGB|ROS|PRIOR,0.003275153657448966
0.49,HGB|ROS|PLATT,0.0027745080574834297
0.49,HGB|ROS|ISO,0.003291453746750172
0.49,HGB|RUS|UNCAL,-0.15007608648827384
0.49,HGB|RUS|PRIOR,0.0034369902583680587
0.49,HGB|RUS|PLATT,0.003560405220220029
0.49,HGB|RUS|ISO,0.003877092669500551
0.49,HGB|SMOTE|UNCAL,0.001356400288278721
0.49,HGB|SMOTE|PRIOR,0.0005413958232185457
0.49,HGB|SMOTE|PLATT,0.0015717943254731984
0.49,HGB|SMOTE|ISO,0.0015135797208260422
0.5,Treat all,-0.5291253488510184
0.5,Treat none,0.0
0.5,LR|NONE|UNCAL,0.0007125467608811824
0.5,LR|NONE|PRIOR,0.0007125467608811824
0.5,LR|NONE|PLATT,0.0002968944837004935
0.5,LR|NONE|ISO,5.9378896740097664e-05
0.5,LR|CSL|UNCAL,-0.1422124576925361
0.5,LR|CSL|PRIOR,0.0005937889674009853
0.5,LR|CSL|PLATT,0.00023751558696039413
0.5,LR|CSL|ISO,0.001365714625022267
0.5,LR|ROS|UNCAL,-0.1460720859806425
0.5,LR|ROS|PRIOR,-0.00041565227718068885
0.5,LR|ROS|PLATT,0.00017813669022029646
0.5,LR|ROS|ISO,0.001128199038061872
0.5,LR|RUS|UNCAL,-0.153019416899234
0.5,LR|RUS|PRIOR,5.9378896740097664e-05
0.5,LR|RUS|PLATT,0.00017813669022029473
0.5,LR|RUS|ISO,0.0006531678641410847
0.5,LR|SMOTE|UNCAL,-0.15676028739386022
0.5,LR|SMOTE|PRIOR,0.0016626091087227589
0.5,LR|SMOTE|PLATT,0.0008313045543613794
0.5,LR|SMOTE|ISO,0.0009500623478415774
0.5,RF|NONE|UNCAL,0.0014250935217623656
0.5,RF|NONE|PRIOR,0.0014250935217623656
0.5,RF|NONE|PLATT,0.0013063357282821694
0.5,RF|NONE|ISO,0.0010688201413217736
0.5,RF|CSL|UNCAL,-0.0206638560655543
0.5,RF|CSL|PRIOR,0.0001781366902202957
0.5,RF|CSL|PLATT,0.0016626091087227606
0.5,RF|CSL|ISO,0.0019595035924232524
0.5,RF|ROS|UNCAL,-0.04613740276705658
0.5,RF|ROS|PRIOR,0.0002375155869603943
0.5,RF|ROS|PLATT,0.0014844724185024642
0.5,RF|ROS|ISO,0.0023157769728638445
0.5,RF|RUS|UNCAL,-0.14737842170892468
0.5,RF|RUS|PRIOR,0.0003562733804405913
0.5,RF|RUS|PLATT,-0.00011875779348019706
0.5,RF|RUS|ISO,0.000890683451101478
0.5,RF|SMOTE|UNCAL,0.0005937889674009853
0.5,RF|SMOTE|PRIOR,5.937889674009857e-05
0.5,RF|SMOTE|PLATT,0.00017813669022029646
0.5,RF|SMOTE|ISO,0.0005937889674009853
0.5,HGB|NONE|UNCAL,0.002731429250044534
0.5,HGB|NONE|PRIOR,0.002731429250044534
0.5,HGB|NONE|PLATT,0.002137640282643549
0.5,HGB|NONE|ISO,0.0026720503533044365
0.5,HGB|CSL|UNCAL,-0.129505373790155
0.5,HGB|CSL|PRIOR,0.0027908081467846336
0.5,HGB|CSL|PLATT,0.0025532925598242377
0.5,HGB|CSL|ISO,0.0026720503533044365
0.5,HGB|ROS|UNCAL,-0.10587257288759575
0.5,HGB|ROS|PRIOR,0.002018882489163352
0.5,HGB|ROS|PLATT,0.00249391366308414
0.5,HGB|ROS|ISO,0.002850187043524733
0.5,HGB|RUS|UNCAL,-0.1479128317795855
0.5,HGB|RUS|PRIOR,0.0029689448370049283
0.5,HGB|RUS|PLATT,0.0029689448370049283
0.5,HGB|RUS|ISO,0.0033252182174455195
0.5,HGB|SMOTE|UNCAL,0.0007719256576212835
0.5,HGB|SMOTE|PRIOR,0.00041565227718068994
0.5,HGB|SMOTE|PLATT,0.00124695683154207
0.5,HGB|SMOTE|ISO,0.0010688201413217736
0.51,Treat all,-0.5603319886234882
0.51,Treat none,0.0
0.51,LR|NONE|UNCAL,-5.0896197205798493e-05
0.51,LR|NONE|PRIOR,-5.0896197205798493e-05
0.51,LR|NONE|PLATT,-2.1812655945342707e-05
0.51,LR|NONE|ISO,-0.000273870013535963
0.51,LR|CSL|UNCAL,-0.1421094534839053
0.51,LR|CSL|PRIOR,9.815695175404045e-05
0.51,LR|CSL|PLATT,-0.0003284016533993215
0.51,LR|CSL|ISO,0.0012190851045007995
0.51,LR|ROS|UNCAL,-0.14155807801417586
0.51,LR|ROS|PRIOR,-0.000876141680471251
0.51,LR|ROS|PLATT,-0.00013329956411042496
0.51,LR|ROS|ISO,0.0008688707951561353
0.51,LR|RUS|UNCAL,-0.1508732939170562
0.51,LR|RUS|PRIOR,-0.0002350919585220254
0.51,LR|RUS|PLATT,9.936876597322654e-05
0.51,LR|RUS|ISO,0.0006713450774288683
0.51,LR|SMOTE|UNCAL,-0.1562634435639941
0.51,LR|SMOTE|PRIOR,0.0007828319855939514
0.51,LR|SMOTE|PLATT,0.0008409990681148647
0.51,LR|SMOTE|ISO,0.0007028522471276971
0.51,RF|NONE|UNCAL,0.0011415289944729152
0.51,RF|NONE|PRIOR,0.0011415289944729152
0.51,RF|NONE|PLATT,0.0007985855704433671
0.51,RF|NONE|ISO,0.000678615962743984
0.51,RF|CSL|UNCAL,-0.017030837036435632
0.51,RF|CSL|PRIOR,0.00017571306178192433
0.51,RF|CSL|PLATT,0.0015814175560373202
0.51,RF|CSL|ISO,0.001642008266996604
0.51,RF|ROS|UNCAL,-0.04245954661182803
0.51,RF|ROS|PRIOR,0.0001708658049051816
0.51,RF|ROS|PLATT,0.001128199038061873
0.51,RF|ROS|ISO,0.0021412757253011063
0.51,RF|RUS|UNCAL,-0.13978398199728795
0.51,RF|RUS|PRIOR,0.00045079488953707477
0.51,RF|RUS|PLATT,0.0005441045844143712
0.51,RF|RUS|ISO,0.0001745012475627382
0.51,RF|SMOTE|UNCAL,-0.00011391053660345443
0.51,RF|SMOTE|PRIOR,5.69552683017272e-05
0.51,RF|SMOTE|PLATT,0.0006216606944422559
0.51,RF|SMOTE|ISO,-2.5448098602899247e-05
0.51,HGB|NONE|UNCAL,0.002092803156533679
0.51,HGB|NONE|PRIOR,0.002092803156533679
0.51,HGB|NONE|PLATT,0.002198230993602831
0.51,HGB|NONE|ISO,0.00206735505793078
0.51,HGB|CSL|UNCAL,-0.12865225657984822
0.51,HGB|CSL|PRIOR,0.0023072942733295444
0.51,HGB|CSL|PLATT,0.0030113583346764276
0.51,HGB|CSL|ISO,0.0022382208628359615
0.51,HGB|ROS|UNCAL,-0.10623369352491309
0.51,HGB|ROS|PRIOR,0.0021606647528080777
0.51,HGB|ROS|PLATT,0.0020855322712185643
0.51,HGB|ROS|ISO,0.0022866934316033895
0.51,HGB|RUS|UNCAL,-0.1473687271951712
0.51,HGB|RUS|PRIOR,0.00243211113790567
0.51,HGB|RUS|PLATT,0.002360614098973715
0.51,HGB|RUS|ISO,0.002444229280097526
0.51,HGB|SMOTE|UNCAL,-8.725062378136736e-05
0.51,HGB|SMOTE|PRIOR,0.00023024470164528018
0.51,HGB|SMOTE|PLATT,0.000940367834088093
0.51,HGB|SMOTE|ISO,0.000936732391430533
0.52,Treat all,-0.5928389050531442
0.52,Treat none,0.0
0.52,LR|NONE|UNCAL,-0.0011183025552718578
0.52,LR|NONE|PRIOR,-0.0011183025552718578
0.52,LR|NONE|PLATT,0.0001731884488252889
0.52,LR|NONE|ISO,0.0007570809334362565
0.52,LR|CSL|UNCAL,-0.14055974506660338
0.52,LR|CSL|PRIOR,-0.0007867703818063079
0.52,LR|CSL|PLATT,-0.00015834372464026275
0.52,LR|CSL|ISO,0.0010044930031866666
0.52,LR|ROS|UNCAL,-0.14025295410011285
0.52,LR|ROS|PRIOR,-0.0014151970389723514
0.52,LR|ROS|PLATT,-0.0003067909664905104
0.52,LR|ROS|ISO,0.0005987372087959929
0.52,LR|RUS|UNCAL,-0.14874413633394698
0.52,LR|RUS|PRIOR,-0.0010292342101617113
0.52,LR|RUS|PLATT,0.0006581161055360923
0.52,LR|RUS|ISO,0.0005047206222908371
0.52,LR|SMOTE|UNCAL,-0.15653761653108492
0.52,LR|SMOTE|PRIOR,-0.00023751558696039413
0.52,LR|SMOTE|PLATT,0.0005492547948459112
0.52,LR|SMOTE|ISO,0.00044534172555073855
0.52,RF|NONE|UNCAL,0.000880786968311462
0.52,RF|NONE|PRIOR,0.000880786968311462
0.52,RF|NONE|PLATT,0.0005443065534509019
0.52,RF|NONE|ISO,0.0002721532767254505
0.52,RF|CSL|UNCAL,-0.014770500564099516
0.52,RF|CSL|PRIOR,0.00011380955208518892
0.52,RF|CSL|PLATT,0.001266749797122102
0.52,RF|CSL|ISO,0.0006482196227460754
0.52,RF|ROS|UNCAL,-0.03569166518219427
0.52,RF|ROS|PRIOR,4.4534172555073926e-05
0.52,RF|ROS|PLATT,0.0006680125883261091
0.52,RF|ROS|ISO,0.0019595035924232524
0.52,RF|RUS|UNCAL,-0.13015359341290106
0.52,RF|RUS|PRIOR,0.00013855075906023002
0.52,RF|RUS|PLATT,3.463768976505639e-05
0.52,RF|RUS|ISO,-1.4844724185025283e-05
0.52,RF|SMOTE|UNCAL,0.0002672050353304438
0.52,RF|SMOTE|PRIOR,-6.432713813510678e-05
0.52,RF|SMOTE|PLATT,0.000806563347386339
0.52,RF|SMOTE|ISO,-0.00036122162183559875
0.52,HGB|NONE|UNCAL,0.0015982819705876537
0.52,HGB|NONE|PRIOR,0.0015982819705876537
0.52,HGB|NONE|PLATT,0.0015290065910575357
0.52,HGB|NONE|ISO,0.0014993171426874886
0.52,HGB|CSL|UNCAL,-0.12669477267779033
0.52,HGB|CSL|PRIOR,0.0017912633849929728
0.52,HGB|CSL|PLATT,0.002098054351483483
0.52,HGB|CSL|ISO,0.0017863151435979652
0.52,HGB|ROS|UNCAL,-0.10628327692338144
0.52,HGB|ROS|PRIOR,0.0017912633849929728
0.52,HGB|ROS|PLATT,0.0015834372464026275
0.52,HGB|ROS|ISO,0.0010787166241117887
0.52,HGB|RUS|UNCAL,-0.14395423866357893
0.52,HGB|RUS|PRIOR,0.0018011598677829897
0.52,HGB|RUS|PLATT,0.0015982819705876537
0.52,HGB|RUS|ISO,0.002083209627298457
0.52,HGB|SMOTE|UNCAL,-0.0003612216218356022
0.52,HGB|SMOTE|PRIOR,0.00010391306929517246
0.52,HGB|SMOTE|PLATT,0.0004898758981058127
0.52,HGB|SMOTE|ISO,0.0004898758981058127
0.53,Treat all,-0.62672909452236
0.53,Treat none,0.0
0.53,LR|NONE|UNCAL,-0.0009260581129891966
0.53,LR|NONE|PRIOR,-0.0009260581129891966
0.53,LR|NONE|PLATT,0.00018192683256540616
0.53,LR|NONE|ISO,0.0007289707110433368
0.53,LR|CSL|UNCAL,-0.13702122606051342
0.53,LR|CSL|PRIOR,-0.0011420962266606213
0.53,LR|CSL|PLATT,2.5267615634084334e-05
0.53,LR|CSL|ISO,0.0007807693230932108
0.53,LR|ROS|UNCAL,-0.1373762360601723
0.53,LR|ROS|PRIOR,-0.001001860959891453
0.53,LR|ROS|PLATT,0.00027920715275663293
0.53,LR|ROS|ISO,0.00031710857620775856
0.53,LR|RUS|UNCAL,-0.1473291498584382
0.53,LR|RUS|PRIOR,-0.0018053711370553376
0.53,LR|RUS|PLATT,0.0006127396791265477
0.53,LR|RUS|ISO,0.000331005764806506
0.53,LR|SMOTE|UNCAL,-0.15323292825134205
0.53,LR|SMOTE|PRIOR,-0.00041186213483557915
0.53,LR|SMOTE|PLATT,8.464651237418287e-05
0.53,LR|SMOTE|ISO,0.0002438324908689152
0.53,RF|NONE|UNCAL,0.0005773650172388308
0.53,RF|NONE|PRIOR,0.0005773650172388308
0.53,RF|NONE|PLATT,0.00016929302474836573
0.53,RF|NONE|ISO,-0.0005141959781536209
0.53,RF|CSL|UNCAL,-0.013471429275312155
0.53,RF|CSL|PRIOR,5.179861204987322e-05
0.53,RF|CSL|PLATT,0.0008489918853052392
0.53,RF|CSL|ISO,0.0004750311739207874
0.53,RF|ROS|UNCAL,-0.03233749448850135
0.53,RF|ROS|PRIOR,3.663804266942252e-05
0.53,RF|ROS|PLATT,0.001437727329579407
0.53,RF|ROS|ISO,0.001769996475167619
0.53,RF|RUS|UNCAL,-0.12167114956280708
0.53,RF|RUS|PRIOR,0.00025899306024936605
0.53,RF|RUS|PLATT,0.0006670650527398295
0.53,RF|RUS|ISO,-0.00014528878989598665
0.53,RF|SMOTE|UNCAL,0.0007213904263531122
0.53,RF|SMOTE|PRIOR,-6.695918143032392e-05
0.53,RF|SMOTE|PLATT,0.0008199341273260417
0.53,RF|SMOTE|ISO,-0.00046492412766715487
0.53,HGB|NONE|UNCAL,0.001714407720772632
0.53,HGB|NONE|PRIOR,0.001714407720772632
0.53,HGB|NONE|PLATT,0.0011383060843155064
0.53,HGB|NONE|ISO,0.0009071074012636324
0.53,HGB|CSL|UNCAL,-0.12254161892140134
0.53,HGB|CSL|PRIOR,0.0012469568315420683
0.53,HGB|CSL|PLATT,0.001739675336406718
0.53,HGB|CSL|ISO,0.0013151793937540984
0.53,HGB|ROS|UNCAL,-0.10486313164301408
0.53,HGB|ROS|PRIOR,0.0013012822051553519
0.53,HGB|ROS|PLATT,0.0013189695360992099
0.53,HGB|ROS|ISO,0.0006455875794508566
0.53,HGB|RUS|UNCAL,-0.1418018589384822
0.53,HGB|RUS|PRIOR,0.001541324553679153
0.53,HGB|RUS|PLATT,0.0015855428810388015
0.53,HGB|RUS|ISO,0.0017737866175127296
0.53,HGB|SMOTE|UNCAL,-0.00034616633418696127
0.53,HGB|SMOTE|PRIOR,4.4218327359647855e-05
0.53,HGB|SMOTE|PLATT,-0.00030826491073583304
0.53,HGB|SMOTE|ISO,2.4004234852379944e-05
0.54,Treat all,-0.6620927704902375
0.54,Treat none,0.0
0.54,LR|NONE|UNCAL,-0.0012753554343308132
0.54,LR|NONE|PRIOR,-0.0012753554343308132
0.54,LR|NONE|PLATT,0.00018330007254552076
0.54,LR|NONE|ISO,0.0004982663943843045
0.54,LR|CSL|UNCAL,-0.13331078656384654
0.54,LR|CSL|PRIOR,-0.0013089174194447824
0.54,LR|CSL|PLATT,0.0002039536018464249
0.54,LR|CSL|ISO,0.000547318526473951
0.54,LR|ROS|UNCAL,-0.13532450567068466
0.54,LR|ROS|PRIOR,-0.0016651907998853736
0.54,LR|ROS|PLATT,-0.00010326764650451983
0.54,LR|ROS|ISO,2.3235220463514554e-05
0.54,LR|RUS|UNCAL,-0.14540600966068837
0.54,LR|RUS|PRIOR,-0.0019930655775372234
0.54,LR|RUS|PLATT,0.00011617610231758318
0.54,LR|RUS|ISO,0.0001497380874315524
0.54,LR|SMOTE|UNCAL,-0.15264248998949256
0.54,LR|SMOTE|PRIOR,-0.0014096033747866884
0.54,LR|SMOTE|PLATT,0.00010068595534190507
0.54,LR|SMOTE|ISO,-3.3561985113969225e-05
0.54,RF|NONE|UNCAL,0.0004931030120590794
0.54,RF|NONE|PRIOR,0.0004931030120590794
0.54,RF|NONE|PLATT,0.000219443748822103
0.54,RF|NONE|ISO,-0.0009371538920285132
0.54,RF|CSL|UNCAL,-0.012226889346135084
0.54,RF|CSL|PRIOR,-1.0326764650451934e-05
0.54,RF|CSL|PLATT,0.00012133948464280921
0.54,RF|CSL|ISO,0.0002271888223099412
0.54,RF|ROS|UNCAL,-0.028576739478963088
0.54,RF|ROS|PRIOR,3.872536743919469e-05
0.54,RF|ROS|PLATT,0.0010378398473704182
0.54,RF|ROS|ISO,0.001572249918031305
0.54,RF|RUS|UNCAL,-0.11338013078847434
0.54,RF|RUS|PRIOR,0.00027624095439958895
0.54,RF|RUS|PLATT,0.00011101271999235714
0.54,RF|RUS|ISO,-0.000348528306952753
0.54,RF|SMOTE|UNCAL,0.0009216637450528342
0.54,RF|SMOTE|PRIOR,-6.97056613905505e-05
0.54,RF|SMOTE|PLATT,0.0011127088910861949
0.54,RF|SMOTE|ISO,-0.0007951608780847981
0.54,HGB|NONE|UNCAL,0.0018691444017317985
0.54,HGB|NONE|PRIOR,0.0018691444017317985
0.54,HGB|NONE|PLATT,0.0011333624203870973
0.54,HGB|NONE|ISO,0.000289149410212651
0.54,HGB|CSL|UNCAL,-0.11909341333133686
0.54,HGB|CSL|PRIOR,0.0009061735980771561
0.54,HGB|CSL|PLATT,0.0013708780073474923
0.54,HGB|CSL|ISO,0.0008235594808735404
0.54,HGB|ROS|UNCAL,-0.1025550997436381
0.54,HGB|ROS|PRIOR,0.0013682963161848792
0.54,HGB|ROS|PLATT,0.0014250935217623648
0.54,HGB|ROS|ISO,0.00012650286696803265
0.54,HGB|RUS|UNCAL,-0.13942423123691405
0.54,HGB|RUS|PRIOR,0.0010481666120208703
0.54,HGB|RUS|PLATT,0.0010275130827199662
0.54,HGB|RUS|ISO,0.0013244075664204588
0.54,HGB|SMOTE|UNCAL,-0.0008855200687762545
0.54,HGB|SMOTE|PRIOR,3.872536743919469e-05
0.54,HGB|SMOTE|PLATT,-0.00041823396834330534
0.54,HGB|SMOTE|ISO,-0.0004621227181077249
0.55,Treat all,-0.6990281653900206
0.55,Treat none,0.0
0.55,LR|NONE|UNCAL,-0.0011809802796086295
0.55,LR|NONE|PRIOR,-0.0011809802796086295
0.55,LR|NONE|PLATT,0.0003364804148605575
0.55,LR|NONE|ISO,0.00025730855254042524
0.55,LR|CSL|UNCAL,-0.1319597015220791
0.55,LR|CSL|PRIOR,-0.001959503592423256
0.55,LR|CSL|PLATT,0.00030349213889383636
0.55,LR|CSL|ISO,0.00030349213889383636
0.55,LR|ROS|UNCAL,-0.1323423655232931
0.55,LR|ROS|PRIOR,-0.0019199176612631885
0.55,LR|ROS|PLATT,-0.0003694686908272812
0.55,LR|ROS|ISO,-0.0002836991733138061
0.55,LR|RUS|UNCAL,-0.14402681287070584
0.55,LR|RUS|PRIOR,-0.002493913663084142
0.55,LR|RUS|PLATT,-0.0003958593116006586
0.55,LR|RUS|ISO,-3.958593116006742e-05
0.55,LR|SMOTE|UNCAL,-0.1496018315090817
0.55,LR|SMOTE|PRIOR,-0.0015570466256292527
0.55,LR|SMOTE|PLATT,-9.896482790016509e-05
0.55,LR|SMOTE|ISO,-0.0002573085525404287
0.55,RF|NONE|UNCAL,0.0002705038629271157
0.55,RF|NONE|PRIOR,0.0002705038629271157
0.55,RF|NONE|PLATT,0.00038266400121396774
0.55,RF|NONE|ISO,-0.0013789099354089562
0.55,RF|CSL|UNCAL,-0.010292342101617093
0.55,RF|CSL|PRIOR,-1.3195310386688585e-05
0.55,RF|CSL|PLATT,6.597655193344223e-05
0.55,RF|CSL|ISO,-5.93788967400994e-05
0.55,RF|ROS|UNCAL,-0.026001359116969852
0.55,RF|ROS|PRIOR,-2.639062077337717e-05
0.55,RF|ROS|PLATT,0.0015636442808225947
0.55,RF|ROS|ISO,0.0013657146250222662
0.55,RF|RUS|UNCAL,-0.10361617481147203
0.55,RF|RUS|PRIOR,9.236717270681997e-05
0.55,RF|RUS|PLATT,-0.0006597655193344284
0.55,RF|RUS|ISO,-0.0005608006914342651
0.55,RF|SMOTE|UNCAL,0.0004618358635340991
0.55,RF|SMOTE|PRIOR,0.0
0.55,RF|SMOTE|PLATT,0.0005344100706608859
0.55,RF|SMOTE|ISO,-0.001075417796515119
0.55,HGB|NONE|UNCAL,0.0008247068991680331
0.55,HGB|NONE|PRIOR,0.0008247068991680331
0.55,HGB|NONE|PLATT,0.0015966325567893166
0.55,HGB|NONE|ISO,-0.0003562733804405929
0.55,HGB|CSL|UNCAL,-0.11563710257374532
0.55,HGB|CSL|PRIOR,0.00015834372464026188
0.55,HGB|CSL|PLATT,0.0005410077258542296
0.55,HGB|CSL|ISO,0.00031008979408718093
0.55,HGB|ROS|UNCAL,-0.0996179957643054
0.55,HGB|ROS|PRIOR,0.000890683451101478
0.55,HGB|ROS|PLATT,0.0011677849692219378
0.55,HGB|ROS|ISO,0.0010688201413217736
0.55,HGB|RUS|UNCAL,-0.13441402925400317
0.55,HGB|RUS|PRIOR,0.0007851209680079692
0.55,HGB|RUS|PLATT,0.0006399725537543938
0.55,HGB|RUS|ISO,0.0009896482790016405
0.55,HGB|SMOTE|UNCAL,-0.0011677849692219404
0.55,HGB|SMOTE|PRIOR,4.618358635340999e-05
0.55,HGB|SMOTE|PLATT,-0.0006399725537543973
0.55,HGB|SMOTE|ISO,-0.0009698553134216137
0.56,Treat all,-0.7376424418761575
0.56,Treat none,0.0
0.56,LR|NONE|UNCAL,-0.0009824508369725427
0.56,LR|NONE|PRIOR,-0.0009824508369725427
0.56,LR|NONE|PLATT,0.0002968944837004918
0.56,LR|NONE|ISO,5.3980815218259565e-06
0.56,LR|CSL|UNCAL,-0.12960253925754794
0.56,LR|CSL|PRIOR,-0.0016086282935044906
0.56,LR|CSL|PLATT,0.0003724676250060708
0.56,LR|CSL|ISO,4.858273369644228e-05
0.56,LR|ROS|UNCAL,-0.12789674549665053
0.56,LR|ROS|PRIOR,-0.0015114628261116026
0.56,LR|ROS|PLATT,-0.0006909544347938768
0.56,LR|ROS|ISO,-0.0007287410054466655
0.56,LR|RUS|UNCAL,-0.1396537670511901
0.56,LR|RUS|PRIOR,-0.002807002391350115
0.56,LR|RUS|PLATT,-0.0003886618695715556
0.56,LR|RUS|ISO,-0.00023751558696039586
0.56,LR|SMOTE|UNCAL,-0.14471716751866387
0.56,LR|SMOTE|PRIOR,-0.000998645081538024
0.56,LR|SMOTE|PLATT,-0.00033468105435328346
0.56,LR|SMOTE|ISO,-0.0002968944837004944
0.56,RF|NONE|UNCAL,0.00034007913587510996
0.56,RF|NONE|PRIOR,0.00034007913587510996
0.56,RF|NONE|PLATT,0.0004588369293553052
0.56,RF|NONE|ISO,7.557314130557814e-05
0.56,RF|CSL|UNCAL,-0.00819428775013361
0.56,RF|CSL|PRIOR,-1.6194244565481434e-05
0.56,RF|CSL|PLATT,-0.0005775947228355057
0.56,RF|CSL|ISO,-0.0003022925652223212
0.56,RF|ROS|UNCAL,-0.023276527522118652
0.56,RF|ROS|PRIOR,4.318465217461714e-05
0.56,RF|ROS|PLATT,0.001155189445671008
0.56,RF|ROS|ISO,0.0011497913641491803
0.56,RF|RUS|UNCAL,-0.09679299976788254
0.56,RF|RUS|PRIOR,4.318465217461714e-05
0.56,RF|RUS|PLATT,-0.0005452062337045422
0.56,RF|RUS|ISO,-0.0007827218206649372
0.56,RF|SMOTE|UNCAL,5.9378896740097664e-05
0.56,RF|SMOTE|PRIOR,0.0
0.56,RF|SMOTE|PLATT,0.00020512709782943015
0.56,RF|SMOTE|ISO,0.00016194244565481382
0.56,HGB|NONE|UNCAL,0.0008043141467522419
0.56,HGB|NONE|PRIOR,0.0008043141467522419
0.56,HGB|NONE|PLATT,0.0009446642663197488
0.56,HGB|NONE|ISO,-0.0010310335706689884
0.56,HGB|CSL|UNCAL,-0.11494674792578724
0.56,HGB|CSL|PRIOR,0.0005506043152263673
0.56,HGB|CSL|PLATT,0.00028070023913501045
0.56,HGB|CSL|ISO,-0.0002267194239167422
0.56,HGB|ROS|UNCAL,-0.09500083670263594
0.56,HGB|ROS|PRIOR,0.0008798872880578217
0.56,HGB|ROS|PLATT,0.0008798872880578235
0.56,HGB|ROS|ISO,0.0009284700217542683
0.56,HGB|RUS|UNCAL,-0.13259847450216197
0.56,HGB|RUS|PRIOR,0.0007827218206649337
0.56,HGB|RUS|PLATT,0.0006909544347938733
0.56,HGB|RUS|ISO,0.0005667985597918469
0.56,HGB|SMOTE|UNCAL,-0.0017273860869846877
0.56,HGB|SMOTE|PRIOR,4.318465217461714e-05
0.56,HGB|SMOTE|PLATT,1.079616304365278e-05
0.56,HGB|SMOTE|ISO,-0.0008313045543613812
0.57,Treat all,-0.7780527312221142
0.57,Treat none,0.0
0.57,LR|NONE|UNCAL,-0.0006048362040037931
0.57,LR|NONE|PRIOR,-0.0006048362040037931
0.57,LR|NONE|PLATT,-0.0003438452392624299
0.57,LR|NONE|ISO,-0.0002582291555906606
0.57,LR|CSL|UNCAL,-0.12463768516204218
0.57,LR|CSL|PRIOR,-0.0011737688890484585
0.57,LR|CSL|PLATT,-0.00016570854904213433
0.57,LR|CSL|ISO,-0.0002181829229054768
0.57,LR|ROS|UNCAL,-0.12355781778411762
0.57,LR|ROS|PRIOR,-0.0009583477752936826
0.57,LR|ROS|PLATT,-0.0006586914824424873
0.57,LR|ROS|ISO,-0.0010425829543901002
0.57,LR|RUS|UNCAL,-0.13447110664311757
0.57,LR|RUS|PRIOR,-0.002460771953275709
0.57,LR|RUS|PLATT,-0.0003258934797828652
0.57,LR|RUS|ISO,-0.0004446512732630631
0.57,LR|SMOTE|UNCAL,-0.13877124349076098
0.57,LR|SMOTE|PRIOR,-0.0014029990485567474
0.57,LR|SMOTE|PLATT,-9.942512942528103e-05
0.57,LR|SMOTE|ISO,0.0004046050405778815
0.57,RF|NONE|UNCAL,0.00021818292290547847
0.57,RF|NONE|PRIOR,0.00021818292290547847
0.57,RF|NONE|PLATT,0.0006531678641410847
0.57,RF|NONE|ISO,-0.00016294673989143173
0.57,RF|CSL|UNCAL,-0.006963901773495741
0.57,RF|CSL|PRIOR,-1.933266405491579e-05
0.57,RF|CSL|PLATT,-7.180703791825806e-05
0.57,RF|CSL|ISO,-0.0005565045438665032
0.57,RF|ROS|UNCAL,-0.02057133545900576
0.57,RF|ROS|PRIOR,4.004623268518278e-05
0.57,RF|ROS|PLATT,0.0014899960368038694
0.57,RF|ROS|ISO,0.0009238251609099074
0.57,RF|RUS|UNCAL,-0.08700113096084719
0.57,RF|RUS|PRIOR,4.004623268518278e-05
0.57,RF|RUS|PLATT,-0.0004902211242496508
0.57,RF|RUS|ISO,-0.0010149648628830794
0.57,RF|SMOTE|UNCAL,-2.3475377780968632e-05
0.57,RF|SMOTE|PRIOR,0.0
0.57,RF|SMOTE|PLATT,-0.00017951759479564646
0.57,RF|SMOTE|ISO,8.975879739782388e-05
0.57,HGB|NONE|UNCAL,0.0006918331922509159
0.57,HGB|NONE|PRIOR,0.0006918331922509159
0.57,HGB|NONE|PLATT,0.0003438452392624334
0.57,HGB|NONE|ISO,0.0006863095739495142
0.57,HGB|CSL|UNCAL,-0.1095002092070431
0.57,HGB|CSL|PRIOR,0.000535790975236239
0.57,HGB|CSL|PLATT,-0.0004432703686877114
0.57,HGB|CSL|ISO,-0.0007884965125254904
0.57,HGB|ROS|UNCAL,-0.09128055423986034
0.57,HGB|ROS|PRIOR,0.0005482191164143998
0.57,HGB|ROS|PLATT,0.0005993125857023914
0.57,HGB|ROS|ISO,0.000784353798799443
0.57,HGB|RUS|UNCAL,-0.12717993048526366
0.57,HGB|RUS|PRIOR,0.0007594975164431222
0.57,HGB|RUS|PLATT,0.0007401648523882066
0.57,HGB|RUS|ISO,0.000124281411781604
0.57,HGB|SMOTE|UNCAL,-0.0016184201623115225
0.57,HGB|SMOTE|PRIOR,4.004623268518278e-05
0.57,HGB|SMOTE|PLATT,-0.0001960884496998586
0.57,HGB|SMOTE|ISO,0.0003659397124680507
0.58,Treat all,-0.8203873200607361
0.58,Treat none,0.0
0.58,LR|NONE|UNCAL,-0.0010066136780702405
0.58,LR|NONE|PRIOR,-0.0010066136780702405
0.58,LR|NONE|PLATT,-0.00047503117392078825
0.58,LR|NONE|ISO,-0.0005937889674009844
0.58,LR|CSL|UNCAL,-0.1223120445850687
0.58,LR|CSL|PRIOR,-0.0008737180520328779
0.58,LR|CSL|PLATT,-0.0003562733804405912
0.58,LR|CSL|ISO,-0.0004071695776463897
0.58,LR|ROS|UNCAL,-0.11903206743180611
0.58,LR|ROS|PRIOR,-0.0013204735608393333
0.58,LR|ROS|PLATT,-0.0006616505636753839
0.58,LR|ROS|ISO,-0.0013713697580451326
0.58,LR|RUS|UNCAL,-0.12978530287478685
0.58,LR|RUS|PRIOR,-0.002403431534718274
0.58,LR|RUS|PLATT,-0.0005117895385694194
0.58,LR|RUS|ISO,1.6965399068600076e-05
0.58,LR|SMOTE|UNCAL,-0.13884765354393044
0.58,LR|SMOTE|PRIOR,-0.0020923992184606124
0.58,LR|SMOTE|PLATT,1.6965399068600076e-05
0.58,LR|SMOTE|ISO,0.0003421355478834256
0.58,RF|NONE|UNCAL,0.0001555161581288296
0.58,RF|NONE|PRIOR,0.0001555161581288296
0.58,RF|NONE|PLATT,0.0005428927701951873
0.58,RF|NONE|ISO,-0.0004128247106692552
0.58,RF|CSL|UNCAL,-0.0053327904405631385
0.58,RF|CSL|PRIOR,-2.26205320914661e-05
0.58,RF|CSL|PLATT,0.0005485479032180541
0.58,RF|CSL|ISO,-0.0008228218548270785
0.58,RF|ROS|UNCAL,-0.018837248099168404
0.58,RF|ROS|PRIOR,3.675836464863247e-05
0.58,RF|ROS|PLATT,0.000851097519941414
0.58,RF|ROS|ISO,0.0006870986622782849
0.58,RF|RUS|UNCAL,-0.07695787774167916
0.58,RF|RUS|PRIOR,3.675836464863247e-05
0.58,RF|RUS|PLATT,-0.00021489505486892765
0.58,RF|RUS|ISO,-0.001258267097587802
0.58,RF|SMOTE|UNCAL,-0.00021772262138036128
0.58,RF|SMOTE|PRIOR,0.0
0.58,RF|SMOTE|PLATT,-0.0003760663460206236
0.58,RF|SMOTE|ISO,1.4137832557166875e-05
0.58,HGB|NONE|UNCAL,0.001006613678070244
0.58,HGB|NONE|PRIOR,0.001006613678070244
0.58,HGB|NONE|PLATT,0.00044392794229502434
0.58,HGB|NONE|ISO,0.00030820474974622807
0.58,HGB|CSL|UNCAL,-0.10431458373979598
0.58,HGB|CSL|PRIOR,-0.00031103231625765823
0.58,HGB|CSL|PLATT,0.0002035847888231957
0.58,HGB|CSL|ISO,-0.0013770248910679982
0.58,HGB|ROS|UNCAL,-0.08684305026564984
0.58,HGB|ROS|PRIOR,0.0004156522771806906
0.58,HGB|ROS|PLATT,-0.00012158535999162983
0.58,HGB|ROS|ISO,0.0004948241395008228
0.58,HGB|RUS|UNCAL,-0.12115274231538105
0.58,HGB|RUS|PRIOR,0.0004269625432264234
0.58,HGB|RUS|PLATT,0.0004043420111349569
0.58,HGB|RUS|ISO,-0.0003393079813719894
0.58,HGB|SMOTE|UNCAL,-0.0016088853450055268
0.58,HGB|SMOTE|PRIOR,3.675836464863247e-05
0.58,HGB|SMOTE|PLATT,-0.0005485479032180532
0.58,HGB|SMOTE|ISO,0.00015551615812883085
0.59,Treat all,-0.8647870107939246
0.59,Treat none,0.0
0.59,LR|NONE|UNCAL,-0.0008240632254906356
0.59,LR|NONE|PRIOR,-0.0008240632254906356
0.59,LR|NONE|PLATT,-0.00027951529441070776
0.59,LR|NONE|ISO,0.0008819938564565862
0.59,LR|CSL|UNCAL,-0.11692573727589894
0.59,LR|CSL|PRIOR,-0.0007907531126852144
0.59,LR|CSL|PLATT,-0.0005358583364350354
0.59,LR|CSL|ISO,0.0006444782694961918
0.59,LR|ROS|UNCAL,-0.11522402499127415
0.59,LR|ROS|PRIOR,-0.0014221969902140667
0.59,LR|ROS|PLATT,-0.0010297169654197571
0.59,LR|ROS|ISO,-0.0008356493516838257
0.59,LR|RUS|UNCAL,-0.12829462360296662
0.59,LR|RUS|PRIOR,-0.001952262263552506
0.59,LR|RUS|PLATT,-0.0004504106557602595
0.59,LR|RUS|ISO,-0.00010717166728700699
0.59,LR|SMOTE|UNCAL,-0.13465975168035033
0.59,LR|SMOTE|PRIOR,-0.002062330462387813
0.59,LR|SMOTE|PLATT,-0.00010282686996456077
0.59,LR|SMOTE|ISO,0.0002766187628624108
0.59,RF|NONE|UNCAL,9.268900954551971e-05
0.59,RF|NONE|PRIOR,9.268900954551971e-05
0.59,RF|NONE|PLATT,0.0006763401165274649
0.59,RF|NONE|ISO,-0.0005894441700785387
0.59,RF|CSL|UNCAL,-0.00451134788647334
0.59,RF|CSL|PRIOR,-2.6068783934677422e-05
0.59,RF|CSL|PLATT,0.00023027425808965114
0.59,RF|CSL|ISO,-0.0011021302541271939
0.59,RF|ROS|UNCAL,-0.017347327442753663
0.59,RF|ROS|PRIOR,3.331011280542115e-05
0.59,RF|ROS|PLATT,0.0008834421222307354
0.59,RF|ROS|ISO,0.0007922013784593647
0.59,RF|RUS|UNCAL,-0.06901855373283261
0.59,RF|RUS|PRIOR,3.331011280542115e-05
0.59,RF|RUS|PLATT,-0.0003258597991834676
0.59,RF|RUS|ISO,-0.0015134377339854387
0.59,RF|SMOTE|UNCAL,-0.00013179218544753573
0.59,RF|SMOTE|PRIOR,0.0
0.59,RF|SMOTE|PLATT,-0.00031427367299027755
0.59,RF|SMOTE|ISO,-6.517195983669335e-05
0.59,HGB|NONE|UNCAL,0.0008776490591341406
0.59,HGB|NONE|PRIOR,0.0008776490591341406
0.59,HGB|NONE|PLATT,0.0004272384033738811
0.59,HGB|NONE|ISO,-0.00014772310896317073
0.59,HGB|CSL|UNCAL,-0.09807655822535302
0.59,HGB|CSL|PRIOR,-0.0005633753861438622
0.59,HGB|CSL|PLATT,0.00025199824470188226
0.59,HGB|CSL|ISO,-0.0003316528622800616
0.59,HGB|ROS|UNCAL,-0.0863962947568434
0.59,HGB|ROS|PRIOR,0.00011006819883530462
0.59,HGB|ROS|PLATT,0.00024910171315358463
0.59,HGB|ROS|ISO,0.0007617877972022407
0.59,HGB|RUS|UNCAL,-0.11546009231246043
0.59,HGB|RUS|PRIOR,0.00015930923515636254
0.59,HGB|RUS|PLATT,0.0002780670286365596
0.59,HGB|RUS|ISO,-0.0008255114912647851
0.59,HGB|SMOTE|UNCAL,-0.0010297169654197563
0.59,HGB|SMOTE|PRIOR,3.331011280542115e-05
0.59,HGB|SMOTE|PLATT,-5.0689302095206085e-05
0.59,HGB|SMOTE|ISO,-6.517195983669379e-05
0.6,Treat all,-0.9114066860637728
0.6,Treat none,0.0
0.6,LR|NONE|UNCAL,-0.0005937889674009853
0.6,LR|NONE|PRIOR,-0.0005937889674009853
0.6,LR|NONE|PLATT,-0.0005047206222908371
0.6,LR|NONE|ISO,0.0008313045543613799
0.6,LR|CSL|UNCAL,-0.113265245531738
0.6,LR|CSL|PRIOR,-0.0008609940027314291
0.6,LR|CSL|PLATT,-0.0007422362092512312
0.6,LR|CSL|ISO,0.0005937889674009855
0.6,LR|ROS|UNCAL,-0.11097915800724423
0.6,LR|ROS|PRIOR,-0.001751677453832908
0.6,LR|ROS|PLATT,-0.001454782970132414
0.6,LR|ROS|ISO,-0.0010391306929517243
0.6,LR|RUS|UNCAL,-0.12318152128733446
0.6,LR|RUS|PRIOR,-0.0021673297310135977
0.6,LR|RUS|PLATT,-0.0003265839320705415
0.6,LR|RUS|ISO,-0.00023751558696039413
0.6,LR|SMOTE|UNCAL,-0.12974288937711534
0.6,LR|SMOTE|PRIOR,-0.0018704352473131033
0.6,LR|SMOTE|PLATT,0.00014844724185024676
0.6,LR|SMOTE|ISO,0.0002078261385903453
0.6,RF|NONE|UNCAL,8.906834511014785e-05
0.6,RF|NONE|PRIOR,8.906834511014785e-05
0.6,RF|NONE|PLATT,0.0006531678641410843
0.6,RF|NONE|ISO,-0.0008609940027314283
0.6,RF|CSL|UNCAL,-0.0038596282881064037
0.6,RF|CSL|PRIOR,-2.968944837004928e-05
0.6,RF|CSL|PLATT,8.90683451101478e-05
0.6,RF|CSL|ISO,-0.001395404073392315
0.6,RF|ROS|UNCAL,-0.014755655839914488
0.6,RF|ROS|PRIOR,0.00011875779348019714
0.6,RF|ROS|PLATT,0.0007719256576212818
0.6,RF|ROS|ISO,0.0005640995190309374
0.6,RF|RUS|UNCAL,-0.06074461136512084
0.6,RF|RUS|PRIOR,2.9689448370049293e-05
0.6,RF|RUS|PLATT,-0.00041565227718069015
0.6,RF|RUS|ISO,-0.0017813669022029568
0.6,RF|SMOTE|UNCAL,-0.0001781366902202956
0.6,RF|SMOTE|PRIOR,0.0
0.6,RF|SMOTE|PLATT,-5.937889674009853e-05
0.6,RF|SMOTE|ISO,-0.0001484472418502459
0.6,HGB|NONE|UNCAL,0.0004453417255507403
0.6,HGB|NONE|PRIOR,0.0004453417255507403
0.6,HGB|NONE|PLATT,0.0005937889674009862
0.6,HGB|NONE|ISO,-0.0005640995190309365
0.6,HGB|CSL|UNCAL,-0.09313579953684462
0.6,HGB|CSL|PRIOR,-0.0005937889674009855
0.6,HGB|CSL|PLATT,-0.0005047206222908375
0.6,HGB|CSL|ISO,-0.0006828573125111318
0.6,HGB|ROS|UNCAL,-0.08203194584644616
0.6,HGB|ROS|PRIOR,-0.00041565227718068885
0.6,HGB|ROS|PLATT,0.0007125467608811832
0.6,HGB|ROS|ISO,0.0007422362092512325
0.6,HGB|RUS|UNCAL,-0.10901965441482092
0.6,HGB|RUS|PRIOR,0.00023751558696039456
0.6,HGB|RUS|PLATT,0.0002078261385903453
0.6,HGB|RUS|ISO,-0.0013360251766522165
0.6,HGB|SMOTE|UNCAL,-0.0010985095896918224
0.6,HGB|SMOTE|PRIOR,0.00011875779348019714
0.6,HGB|SMOTE|PLATT,8.90683451101491e-05
0.6,HGB|SMOTE|ISO,-0.00029689448370049266
