fold,model,strategy,calibration,AUC,PR_AUC,Brier,BSS,LogLoss,ECE,ECE_adaptive,MCE,Cal_slope,Cal_intercept,OE_ratio,Mean_pred,Obs_prev,Spiegelhalter_Z,Spiegelhalter_p,Reliability,Resolution,Uncertainty,Sens_t05,Spec_t05,Prec_t05,F1_t05,MCC_t05,Sens_tprev,Spec_tprev,Prec_tprev,F1_tprev,MCC_tprev
0,LR,NONE,UNCAL,0.6583120320825239,0.3670683073955753,0.16978857809644926,0.0567646613967413,0.5171882076385597,0.009848972515700782,0.011023554191931116,0.2417210738230765,0.88308598438315,-0.0056384109965290806,0.9960187861085789,0.23637839853838374,0.23543732557449082,1.633206192536725,0.10242563802107854,0.00027173148961170805,0.010013820040267891,0.18000659130082203,0.06532156368221942,0.9808170239204722,0.5118577075098815,0.1158577499440841,0.11466781781446843,0.6017654476670871,0.6289220254737496,0.3330541596873255,0.4287896486656482,0.19796478049253027
0,LR,NONE,PRIOR,0.6583120320825239,0.3670683073955753,0.16978857809644926,0.0567646613967413,0.5171882076385597,0.009848972515700782,0.011023554191931116,0.2417210738230765,0.88308598438315,-0.0056384109965290806,0.9960187861085789,0.23637839853838374,0.23543732557449082,1.633206192536725,0.10242563802107854,0.00027173148961170805,0.010013820040267891,0.18000659130082203,0.06532156368221942,0.9808170239204722,0.5118577075098815,0.1158577499440841,0.11466781781446843,0.6017654476670871,0.6289220254737496,0.3330541596873255,0.4287896486656482,0.19796478049253027
0,LR,NONE,PLATT,0.6583120320825239,0.3670683073955753,0.1695986996366379,0.05781950310247663,0.5167449133366024,0.005765013311247929,0.007832938131775786,0.35367449795167893,0.9776785912570358,0.0011435150110495286,1.0008208918241988,0.23524421552127936,0.23543732557449082,0.46786485373898345,0.6398812387084394,0.00015319839782220948,0.009633368836479788,0.18000659130082203,0.04539722572509458,0.9864088226157192,0.5070422535211268,0.08333333333333334,0.09393987332836998,0.6030264817150063,0.6274464119291705,0.33263772954924875,0.4287635613736214,0.19769548322732428
0,LR,NONE,ISO,0.6578344041741442,0.35935026634995165,0.16971118302229146,0.05719461828664463,0.5178177245631368,0.007710744051731339,0.011492122214225714,0.5,0.9306801896804459,0.00041904899573998633,1.0002998709028246,0.23536674593589213,0.23543732557449082,0.7956389353077796,0.42624192916005677,0.00020265573997574357,0.009633326504265842,0.18000659130082203,0.0416141235813367,0.9872631251941597,0.5015197568389058,0.07685142058686541,0.08852584995056602,0.516015132408575,0.7017707362534948,0.3476044852191641,0.4153893005786214,0.1937873645731613
0,LR,CSL,UNCAL,0.65827507073974,0.36611517873124466,0.23018793300457624,-0.2787750234095181,0.652577831750208,0.24052148644905352,0.2405214864490541,0.36100113336048634,0.8698902495471645,-1.1834592412740648,0.4946590327291685,0.47595881202354484,0.23543732557449082,3.7108265543302013,0.00020658361666733694,0.060574715734693974,0.01012624749572495,0.18000659130082203,0.6032786885245902,0.6282230506368437,0.3331940381668756,0.42928930366116297,0.1986098779863998,0.9833543505674653,0.06515998757378068,0.24466616465863453,0.3918396060499472,0.09127844660644387
0,LR,CSL,PRIOR,0.65827507073974,0.36611517873124466,0.16991821557731032,0.05604447954159797,0.5174701022543524,0.011027424783147425,0.011979242762544088,0.12645177789256712,0.8701469589764047,-0.005599982924314252,0.9960523456970803,0.236370434336683,0.23543732557449082,1.8846290394265344,0.05947993884633798,0.00031417244806052264,0.01000555762212516,0.18000659130082203,0.06683480453972257,0.9801957129543336,0.5096153846153846,0.11817168338907467,0.11534978333203802,0.6032786885245902,0.6282230506368437,0.3331940381668756,0.42928930366116297,0.1986098779863998
0,LR,CSL,PLATT,0.65827507073974,0.36611517873124466,0.1696828933291489,0.057351777493638845,0.5169132990117274,0.004247059392212893,0.008246652029431454,0.3510526764163553,0.9744949164785225,0.0011423766008081455,1.0008200556387377,0.235244412067893,0.23543732557449082,0.5211687589986044,0.6022492152494656,0.0001517009550988393,0.009547644250682299,0.18000659130082203,0.04514501891551072,0.9864088226157192,0.5056497175141242,0.08288955776800185,0.09332368303238275,0.6050441361916772,0.6264367816091954,0.3327784713552504,0.4293896545552175,0.19848675230652643
0,LR,CSL,ISO,0.6578191456229896,0.3588334789384073,0.16972578346649972,0.05711350767784562,0.5171700734812136,0.006009156277473015,0.009743862332673844,0.9384648630603689,0.9428389661999912,0.0015795315103035936,1.0011314559370499,0.2351712396791325,0.23543732557449082,0.815268253799044,0.414918776339669,0.00012482126815167193,0.009707245733349383,0.18000659130082203,0.029255989911727617,0.9927772600186393,0.5550239234449761,0.05558217537134643,0.08443942347825294,0.56796973518285,0.657502329916123,0.33803662563794656,0.4238261033217277,0.1956365299467817
0,LR,ROS,UNCAL,0.6570459640838385,0.36445579843529163,0.23021944075115983,-0.2789500600365431,0.6527281893912656,0.2400593206373191,0.24005932063731858,0.35128461051430454,0.8607441524438575,-1.1812954390288886,0.4951398236983891,0.4754966462118098,0.23543732557449082,3.7453851114629635,0.00018011726126612534,0.0604327562098907,0.009922894629511353,0.18000659130082203,0.5967213114754099,0.6251941596769183,0.32897664071190214,0.4241283499148517,0.19034157912489647,0.9841109709962169,0.06593662628145387,0.24496201895913114,0.39227907911933246,0.09382177324550839
0,LR,ROS,PRIOR,0.6570459640838385,0.36445579843529163,0.17012523165701687,0.054894432322712516,0.5181232550239147,0.009186673704246938,0.010645539822264072,0.1609982135410729,0.8612032579565413,-0.0034361806791379664,0.9975749934561255,0.2360096505214228,0.23543732557449082,2.1032650320785042,0.035442608340021324,0.0003914138668126565,0.009801028718197545,0.18000659130082203,0.06633039092055486,0.9790307548928239,0.49343339587242024,0.11694086260560249,0.10993402781412358,0.5967213114754099,0.6251941596769183,0.32897664071190214,0.4241283499148517,0.19034157912489647
0,LR,ROS,PLATT,0.6570459640838385,0.36445579843529163,0.16987142477926975,0.056304418901053865,0.5174880338060809,0.004301136144544219,0.006957137431798996,0.333476844314319,0.9714426237809547,0.001047415731464886,1.0007525651334415,0.2352602768928175,0.23543732557449082,0.5338561264596049,0.593441078469299,0.00021847784974118135,0.009570122634119585,0.18000659130082203,0.04489281210592686,0.9864088226157192,0.5042492917847026,0.08244557665585919,0.092705981626286,0.6007566204287516,0.6208449829139484,0.3279185022026432,0.4242586160833556,0.18983763581625204
0,LR,ROS,ISO,0.6561503713567026,0.35630685677779966,0.17000780154855347,0.055546797925631886,0.5179979624591015,0.004150286962521117,0.011054686863633877,0.10470378733970487,0.9333531519983496,0.00044571828164262394,1.0003191657310486,0.23536220602394398,0.23543732557449082,0.9114930812595983,0.36203562941772005,8.744908126672699e-05,0.009541453553066,0.18000659130082203,0.0317780580075662,0.9916899658278968,0.5407725321888412,0.06002858504049547,0.08524167438311346,0.5399747793190416,0.6800248524386455,0.34195815364957677,0.41873655388226094,0.19313871961129872
0,LR,RUS,UNCAL,0.654994345130015,0.36331309086805297,0.2326311797452756,-0.2923481193891886,0.6583707054043884,0.24287135340403088,0.2428713534040312,0.354631639995993,0.8049896117325137,-1.2048952762408436,0.49222883865977873,0.47830867897852203,0.23543732557449082,7.7986017849894465,6.2596853033418915e-15,0.06257850401908249,0.009756448497455897,0.18000659130082203,0.598234552332913,0.6156415035725381,0.32399945362655375,0.4203437887648414,0.1830503522220586,0.9818411097099622,0.07160608884746816,0.24566163942702088,0.3929941449626489,0.09622109728703568
0,LR,RUS,PRIOR,0.654994345130015,0.36331309086805297,0.17065287081479702,0.051963211004831145,0.5195282419320119,0.01628919716262597,0.01748015161906598,0.24857134606716913,0.8052075879513154,-0.027036017891093028,0.9812969220504628,0.239924655100858,0.23543732557449082,2.2604825670902495,0.0237913171856,0.0006493643398271231,0.00957838923152277,0.18000659130082203,0.08423707440100883,0.9741379310344828,0.5007496251874063,0.14421416234887738,0.12698937258962414,0.598234552332913,0.6156415035725381,0.32399945362655375,0.4203437887648414,0.1830503522220586
0,LR,RUS,PLATT,0.654994345130015,0.36331309086805297,0.17005592603959627,0.055279449431918204,0.5180611914897654,0.004675053700267575,0.006361974693971908,0.34723983976371586,0.9644764578388579,0.0020054328310601687,1.0014419107545898,0.23509833475721825,0.23543732557449082,0.6669075480841812,0.504831189274958,0.00017336734799930942,0.0092348496270965,0.18000659130082203,0.044640605296343,0.9864864864864865,0.5042735042735043,0.08202038924930492,0.09244570527044402,0.5916771752837326,0.623174899036968,0.32592386774103915,0.4203171190540177,0.18426363159804734
0,LR,RUS,ISO,0.6546763639754027,0.3545571618074138,0.17015951473379354,0.054703977759194,0.5183954558374707,0.006298411818861075,0.00764294112989126,0.22857142857142854,0.9301272744435539,0.0016617691714896862,1.0011914430367697,0.23515714922649833,0.23543732557449082,0.9937641614639219,0.3203376977356832,9.792252308075794e-05,0.009359217547896941,0.18000659130082203,0.042118537200504416,0.9878844361602982,0.5170278637770898,0.07789179104477613,0.09281034438304915,0.5546027742749055,0.6600652376514445,0.3343978102189781,0.41722796698605447,0.18668913134359294
0,LR,SMOTE,UNCAL,0.645336093583691,0.3559486254019727,0.23212396555387044,-0.2895303659517183,0.6562824970297789,0.23634448860248883,0.2363444886024882,0.333867107956484,0.7387517257395304,-1.1820987379836594,0.49903857779090083,0.47178181417697934,0.23543732557449082,9.071946580197963,1.169094181760766e-19,0.06099937815765021,0.0088345877093966,0.18000659130082203,0.5919293820933165,0.6126902764833799,0.32001636214889556,0.4154349942472785,0.17509237584513326,0.9740226986128625,0.09389561975768872,0.24869598815120098,0.3962244793269724,0.10751284189600895
0,LR,SMOTE,PRIOR,0.645336093583691,0.3559486254019727,0.17196611731909572,0.044667664242857064,0.5235160320409165,0.021797274329167164,0.023623171393681995,0.42386286179861465,0.7393030719255524,-0.0042394796339088915,0.9970435942421703,0.2361354377422597,0.23543732557449082,4.429893545065973,9.427961634418655e-06,0.0009714292880363761,0.008727820265888234,0.18000659130082203,0.08020176544766709,0.9774774774774775,0.5230263157894737,0.13907719221517603,0.13118387258250283,0.5919293820933165,0.6126902764833799,0.32001636214889556,0.4154349942472785,0.17509237584513326
0,LR,SMOTE,PLATT,0.645336093583691,0.3559486254019727,0.1710305739048323,0.04986493733992914,0.5207971453273893,0.0044282198286714385,0.007308503680316726,0.3324278095894837,0.9822457496615445,0.0004860570610183566,1.0003524110245947,0.2353543840948491,0.23543732557449082,0.24809715884049155,0.8040592338291765,6.130837745521882e-05,0.008445165369201205,0.18000659130082203,0.031525851197982346,0.9913793103448276,0.5296610169491526,0.05950964056177101,0.08267419929673821,0.6065573770491803,0.6010406958682821,0.318880933439406,0.41800643086816713,0.17712261266550505
0,LR,SMOTE,ISO,0.6449479015476755,0.34655450454568354,0.1710483812817896,0.049766011090459084,0.521685506806109,0.0037041642610889597,0.007867913517760767,0.5,0.9282787022854709,0.0003853874466187736,1.000278281659666,0.23537182591213737,0.23543732557449082,0.671968113109949,0.5016039963489742,7.336516382183315e-05,0.008393367297673607,0.18000659130082203,0.029760403530895336,0.9920782851817335,0.5363636363636364,0.05639187574671446,0.08160160908672742,0.5730138713745271,0.6328052190121156,0.32457142857142857,0.4144094847241222,0.1771858753382691
0,RF,NONE,UNCAL,0.6545692994816794,0.36690571910481395,0.17030987639115833,0.053868665806013794,0.5191584900112454,0.017739756755129264,0.017989108027817703,0.12788394995799834,1.3218251086801893,-0.013977739662460789,0.9897452514667956,0.23787669122491303,0.23543732557449082,-2.887903934696658,0.0038781829674786666,0.0005317564986994803,0.009275690508037395,0.18000659130082203,0.012610340479192938,0.9979807393600497,0.6578947368421053,0.024746349913387776,0.0670415037049131,0.6242118537200504,0.5951382416899659,0.3219302809573361,0.4247833176006179,0.1868363992862804
0,RF,NONE,PRIOR,0.6545692994816794,0.36690571910481395,0.17030987639115833,0.053868665806013794,0.5191584900112454,0.017739756755129264,0.017989108027817703,0.12788394995799834,1.3218251086801893,-0.013977739662460789,0.9897452514667956,0.23787669122491303,0.23543732557449082,-2.887903934696658,0.0038781829674786666,0.0005317564986994803,0.009275690508037395,0.18000659130082203,0.012610340479192938,0.9979807393600497,0.6578947368421053,0.024746349913387776,0.0670415037049131,0.6242118537200504,0.5951382416899659,0.3219302809573361,0.4247833176006179,0.1868363992862804
0,RF,NONE,PLATT,0.6545692994816794,0.36690571910481395,0.1698304601142402,0.056531992040090184,0.5176169454742823,0.005359163431898551,0.007688923895597261,0.05423387984985084,0.9585738838842737,-0.0017184740099519952,0.9987684761059449,0.23572762978305764,0.23543732557449082,0.5065038997528842,0.6125029527182134,5.499897464930377e-05,0.00970630719364961,0.18000659130082203,0.048171500630517027,0.986874805840323,0.5305555555555556,0.08832369942196533,0.10280430565692374,0.5924337957124842,0.6220876048462255,0.3255717255717256,0.4202146690518784,0.18392535677546448
0,RF,NONE,ISO,0.6533308888311715,0.3567609224224155,0.17028743745818736,0.05399332198003948,0.5195919600264229,0.00872477603701637,0.014886778022751774,0.22341286986686315,0.8926351180879768,-0.0020061993794872,0.9985706246216184,0.2357743356046584,0.23543732557449082,1.3518856448079422,0.17641190046454558,0.00022032633868649117,0.00937169656285192,0.18000659130082203,0.04514501891551072,0.9874961168064617,0.5264705882352941,0.08315911730545877,0.09846519616140852,0.5621689785624212,0.6495806150978565,0.33066310636404095,0.4164020175602466,0.18336304608351892
0,RF,CSL,UNCAL,0.6536415639015978,0.36386359813587255,0.19163815279978968,-0.06461741992285885,0.5705078854119073,0.1468761129612416,0.14687611296124095,0.3324218173815052,1.3108422798960424,-0.7260215672775618,0.6158227826785805,0.38231343853573185,0.23543732557449082,-32.34283716542689,1.7494312127312304e-229,0.02164450591036479,0.009216398233575614,0.18000659130082203,0.22597730138713745,0.9033861447654551,0.41869158878504675,0.29352989352989356,0.16479473437136719,0.9828499369482976,0.06593662628145387,0.2447249434815373,0.39187490572678363,0.09122241235066973
0,RF,CSL,PRIOR,0.6536415639015978,0.36386359813587255,0.1763867509789813,0.020109487634213163,0.5359256261072551,0.06968953004603329,0.06966466518837552,0.4747653330297268,1.3106955602359363,0.4518376910721887,1.4202421860523538,0.1657726603861153,0.23543732557449082,22.85029791477083,1.4514552369819696e-115,0.006151337967364203,0.00827164448015282,0.18000659130082203,0.001008827238335435,0.9999223361292326,0.8,0.0020151133501259445,0.022931554786533373,0.22597730138713745,0.9033861447654551,0.41869158878504675,0.29352989352989356,0.16479473437136719
0,RF,CSL,PLATT,0.6536415639015978,0.36386359813587255,0.1701039121483635,0.05501286970047359,0.5181484773174808,0.008089446689087513,0.008867513689925485,0.3401218763923717,0.9413887811815552,-0.0026644080680098,0.9980942609728113,0.23588686437793704,0.23543732557449082,0.7781148408009472,0.43650131439071493,0.00014036208055527843,0.00920751474835287,0.18000659130082203,0.05220680958385877,0.9860981671326499,0.5362694300518135,0.09515054010572283,0.10859871510091819,0.5858764186633039,0.6211556383970177,0.3225940841549785,0.416084542360738,0.1775475789853163
0,RF,CSL,ISO,0.6528910939029651,0.35495582269607906,0.17040841801100498,0.05332123240852249,0.520161510361503,0.009451562129648447,0.012109229978676918,0.5,0.8780292567962603,-0.002916766005297852,0.9979224306830167,0.2359274812706118,0.23543732557449082,1.3699090381773404,0.170715298000379,0.0002728418962827782,0.009093355869224847,0.18000659130082203,0.0416141235813367,0.9897483690587139,0.5555555555555556,0.07742843735335524,0.10109371745510438,0.6116015132408575,0.5988661074867971,0.3194993412384717,0.4197317178710515,0.17946598335231131
0,RF,ROS,UNCAL,0.6600023230605481,0.3702529089992312,0.2026399741245335,-0.12573641142888592,0.5942812156457346,0.18262586899742805,0.18262586899742814,0.1892036854124906,1.3673809962592882,-0.8818862749912129,0.5631620497364515,0.41806319457191904,0.23543732557449082,-32.51573365994426,6.390514691247988e-232,0.033470156383901634,0.010107357898298093,0.18000659130082203,0.34779319041614126,0.8325566946256602,0.3900990099009901,0.36773333333333336,0.18789251561108689,0.9957124842370744,0.03215284249767009,0.24058500914076783,0.3875337423312884,0.07486576970189734
0,RF,ROS,PRIOR,0.6600023230605481,0.3702529089992312,0.17282641158458004,0.0398884266645696,0.5248777603989772,0.05037860953410912,0.05085444895382619,0.3781577522832935,1.3693875334468737,0.29597298335853767,1.253687607913551,0.1877958464998448,0.23543732557449082,13.799272135020619,2.57438776353911e-43,0.0033870278289451303,0.008961303602968535,0.18000659130082203,0.0017654476670870113,0.999767008387698,0.7,0.0035220125786163525,0.026689789541560458,0.34779319041614126,0.8325566946256602,0.3900990099009901,0.36773333333333336,0.18789251561108689
0,RF,ROS,PLATT,0.6600023230605481,0.3702529089992312,0.16925107829349648,0.05975066207076407,0.515587709589053,0.006285807535617694,0.009983597314410725,0.17601889525537096,0.9829617050001033,-0.0017634704763485227,0.9987383601324544,0.23573473791801358,0.23543732557449082,0.3224934738776806,0.7470788809872015,9.776255800367326e-05,0.009852641401913147,0.18000659130082203,0.05094577553593947,0.9862534948741846,0.5329815303430079,0.09300184162062615,0.10641077306490018,0.6037831021437579,0.6170394532463498,0.3268259385665529,0.42409211691762627,0.18898375761284694
0,RF,ROS,ISO,0.6592828304671154,0.3612221098069504,0.1695184264137567,0.0582654491220147,0.5168836766103849,0.008815522496034175,0.01376273528381867,0.8250758584739257,0.9203442913005762,-0.0014198986191927415,0.9989896062104286,0.23567545058611747,0.23543732557449082,1.0726723738887949,0.2834181397074894,0.00016203484828373086,0.009735263491099573,0.18000659130082203,0.027994955863808322,0.994408201304753,0.6065573770491803,0.05351976856316297,0.09168205343159722,0.5563682219419924,0.6651133892513202,0.3384473764958576,0.4208718878183726,0.19292549013897292
0,RF,RUS,UNCAL,0.6548763508910483,0.36208898129312295,0.23253394968952498,-0.29180797219208876,0.6573644726748887,0.24983341969716338,0.24983341969716266,0.2558997640010827,1.3811102156778652,-1.1615545384143109,0.48516694622234746,0.4852707452716536,0.23543732557449082,-9.902482503393953,4.060679400667747e-23,0.06253536147701616,0.009381073852319878,0.18000659130082203,0.5974779319041614,0.6232525629077353,0.3281163434903047,0.42360303978542696,0.1892324928493677,0.9994955863808322,0.005358807082945014,0.23631484794275492,0.3822522305280926,0.031787132229786845
0,RF,RUS,PRIOR,0.6548763508910483,0.36208898129312295,0.17068455869379998,0.05178717367878671,0.5198864523007201,0.01879040047230178,0.021700949863251356,0.06693174261742871,1.3810996697728908,0.01630471993543951,1.0121795539514131,0.23260430884557498,0.23543732557449082,-1.3972786897416754,0.16232978154412703,0.0005854265594102623,0.008617917492414915,0.18000659130082203,0.005044136191677175,0.9989127058092575,0.5882352941176471,0.010002500625156287,0.03740039855447448,0.5974779319041614,0.6232525629077353,0.3281163434903047,0.42360303978542696,0.1892324928493677
0,RF,RUS,PLATT,0.6548763508910483,0.36208898129312295,0.1700640763498669,0.05523417158841415,0.5178916208964651,0.006841719800188267,0.009892578417718874,0.810963885646695,0.9589159773965515,-0.002338452144377785,0.9983239960641479,0.23583258190997408,0.23543732557449082,0.5758636465276085,0.5647073493618692,0.00015898760389368327,0.009156340210733279,0.18000659130082203,0.044136191677175286,0.9862534948741846,0.4971590909090909,0.08107482047718324,0.09013009104018953,0.5979823455233292,0.6227865796831314,0.3280298837852795,0.42365764316983834,0.1892393641169805
0,RF,RUS,ISO,0.6544459970689478,0.3543981266728877,0.17049175416865686,0.052858270707788924,0.5202988261002796,0.010100378700089186,0.01022204699820818,0.33333333333333337,0.8861795038048565,-0.0008231469379448769,0.9994121061100668,0.2355758191591905,0.23543732557449082,1.3479295377910117,0.1776810466712826,0.0004345797814135469,0.008876759268763867,0.18000659130082203,0.025220680958385876,0.9933985709847779,0.5405405405405406,0.048192771084337345,0.07578846099240194,0.623203026481715,0.5999534016775396,0.32419312516399895,0.4265124708725296,0.19021514891610064
0,RF,SMOTE,UNCAL,0.6470842064397745,0.3574204057641917,0.1758454655374349,0.023116518863651847,0.5345264615652412,0.06944328563724073,0.06941578893358491,0.09763391466939952,1.3477686604842574,-0.364967979717201,0.7722975897897668,0.3048531145080759,0.23543732557449082,-20.667482338316216,6.797060478128077e-95,0.004993316549939803,0.00822784282560238,0.18000659130082203,0.04741488020176545,0.9861758310034172,0.5136612021857924,0.08681597783421843,0.09774128055273895,0.8912988650693568,0.23431189810500155,0.2638691853953558,0.4071897684064985,0.1320737080531629
0,RF,SMOTE,PRIOR,0.6470842064397745,0.3574204057641917,0.18632275188460728,-0.035088496138621306,0.5720593118434613,0.11320096447464993,0.11320096447464979,0.5765432113055613,1.3487382407427009,0.8128912786325495,1.9260825785069702,0.12223636109984098,0.23543732557449082,44.04781204945982,0.0,0.01475137990721358,0.0067231293224588986,0.18000659130082203,0.0005044136191677175,0.9999223361292326,0.6666666666666666,0.0010080645161290322,0.013566864067191072,0.04741488020176545,0.9861758310034172,0.5136612021857924,0.08681597783421843,0.09774128055273895
0,RF,SMOTE,PLATT,0.6470842064397745,0.3574204057641917,0.1708743827504956,0.05073263420151619,0.5206190487833585,0.002972417402906791,0.0057648853897852795,0.17544140206074477,0.9795694850909054,-0.0008617757002321263,0.9993764091032317,0.23558423375808452,0.23543732557449082,0.2224925303986797,0.8239304874383719,6.970916786651335e-05,0.008562643191586884,0.18000659130082203,0.03430012610340479,0.9896707051879465,0.5055762081784386,0.06424185167690127,0.08112067819333803,0.5984867591424968,0.6147095371233302,0.32356149440959914,0.42003717143110014,0.18243137680036123
0,RF,SMOTE,ISO,0.6453069671837338,0.3477061202050483,0.1712628330231703,0.04857465615267054,0.5224997502911389,0.008964073364059756,0.00815354028361596,0.33333333333333337,0.9079912338159328,-0.0012325792257342843,0.9991121372405797,0.2356465473682851,0.23543732557449082,0.8893365030903398,0.37382225911197975,0.0001975769766721282,0.00816860526479685,0.18000659130082203,0.04085750315258512,0.9881950916433675,0.5159235668789809,0.07571862584716056,0.09112450226922585,0.5535939470365699,0.653619136377757,0.32982719759579265,0.4133709981167608,0.1798263739827794
0,HGB,NONE,UNCAL,0.6728249219345883,0.38224944429636265,0.16761626481863465,0.06883262658688427,0.511118502294749,0.006727218951935188,0.012432804644942895,0.8098907358707331,1.0169759895498702,0.0005637336761641562,1.000401479337108,0.23534284028697927,0.23543732557449082,0.019580323704846393,0.9843781602338784,0.00011188155890922766,0.011389986678444732,0.18000659130082203,0.06582597730138713,0.9833022677850264,0.5483193277310925,0.11754109434811978,0.12577138679141042,0.6141235813366961,0.6305529667598633,0.3385706340378198,0.43649726629022134,0.20986423478135768
0,HGB,NONE,PRIOR,0.6728249219345883,0.38224944429636265,0.16761626481863465,0.06883262658688427,0.511118502294749,0.006727218951935188,0.012432804644942895,0.8098907358707331,1.0169759895498702,0.0005637336761641562,1.000401479337108,0.23534284028697927,0.23543732557449082,0.019580323704846393,0.9843781602338784,0.00011188155890922766,0.011389986678444732,0.18000659130082203,0.06582597730138713,0.9833022677850264,0.5483193277310925,0.11754109434811978,0.12577138679141042,0.6141235813366961,0.6305529667598633,0.3385706340378198,0.43649726629022134,0.20986423478135768
0,HGB,NONE,PLATT,0.6728249219345883,0.38224944429636265,0.167646723200711,0.0686634195492073,0.5111322270070061,0.006916255986714869,0.013361619380340434,0.8262385348466673,0.9738423538040345,0.0025198911450703826,1.001785528417388,0.23501769480183313,0.23543732557449082,0.7433769849962031,0.45725347426327867,0.0001622359977831802,0.01156120832113729,0.18000659130082203,0.07162673392181589,0.9807393600497049,0.5338345864661654,0.12630642650655993,0.12702604548925944,0.6113493064312736,0.63412550481516,0.33973370707778555,0.43675675675675674,0.21076664496453867
0,HGB,NONE,ISO,0.671718686769563,0.37267127009807843,0.16804720315219684,0.06643861239858151,0.5143364568665075,0.00832952906174946,0.016019024883458115,1.0,0.891446717850753,0.003424171071142946,1.0024189870261855,0.2348691800750385,0.23543732557449082,1.3891494702738216,0.1647873032725764,0.0003324986167977983,0.011391554100619206,0.18000659130082203,0.06834804539722572,0.982447965206586,0.545271629778672,0.12147019273868219,0.12734570845384466,0.5455233291298865,0.6854613233923579,0.34814099468855625,0.42503438789546083,0.20310413012167136
0,HGB,CSL,UNCAL,0.6717261887273194,0.37869320318894273,0.22130546184828623,-0.22942976837135176,0.6319967368492453,0.22647874591127534,0.22647874591127562,0.9181795618082694,0.9812305255805361,-1.1186212586356001,0.5096971941617012,0.46191607148576613,0.23543732557449082,-4.021846419118299,5.7743705108763036e-05,0.05349524996829402,0.011536860507612068,0.18000659130082203,0.5977301387137453,0.646551724137931,0.3424360641525791,0.4354216424765754,0.2106507658134138,0.9793190416141235,0.08597390493942218,0.2480833120368004,0.3958811235153183,0.10814401787600832
0,HGB,CSL,PRIOR,0.6717261887273194,0.37869320318894273,0.1678837498318882,0.06734665314935318,0.5118385266029183,0.010669633975115434,0.00977593492060809,0.12662300419892158,0.9812103234229709,0.0592379997141504,1.0433212562072804,0.2256613906538828,0.23543732557449082,3.1458473346645413,0.0016560642481611544,0.00016309499695454265,0.011301994021450101,0.18000659130082203,0.04766708701134931,0.9889717303510407,0.5709969788519638,0.08798882681564246,0.11198658296411733,0.5977301387137453,0.646551724137931,0.3424360641525791,0.4354216424765754,0.2106507658134138
0,HGB,CSL,PLATT,0.6717261887273194,0.37869320318894273,0.16779283748851967,0.06785170322952827,0.5115672166091726,0.004833762642644969,0.0035827065694157955,0.14359165037698496,0.9690542048589595,-0.0016065580126350721,0.9988610248274359,0.2357057886157538,0.23543732557449082,0.38827384736150344,0.6978133888654436,5.7115788752272675e-05,0.01127868372889935,0.18000659130082203,0.058007566204287514,0.9854768561665114,0.5515587529976019,0.10497489730716568,0.1187239369530599,0.6363177805800757,0.6105933519726623,0.3347485737030649,0.4387063119457486,0.21067773609982737
0,HGB,CSL,ISO,0.6707229242983906,0.3704488183014411,0.16826142280375006,0.06524854680151004,0.5135837150652675,0.007521305565226548,0.009456510709095459,0.5957820146477075,0.9084747176994089,-0.0023292646684922136,0.9983577559293617,0.23582460713727263,0.23543732557449082,1.1714792177973639,0.2414062065735314,0.00031087997644612655,0.011210846475829418,0.18000659130082203,0.05649432534678436,0.9860981671326499,0.5558312655086849,0.10256410256410256,0.11824100818755773,0.5904161412358133,0.6527648337993166,0.34365825014679974,0.4344437227428783,0.2102207300519566
0,HGB,ROS,UNCAL,0.6687772435652594,0.38168818558754525,0.21224533675098198,-0.17909758313396118,0.6118400774900287,0.2009333066752352,0.20093330667523554,0.4850369166752952,0.8443918900021933,-1.0277158927749126,0.5395352211506175,0.4363706322497263,0.23543732557449082,-5.055047533606289,4.3028358721024215e-07,0.04424661372515516,0.011996009083078941,0.18000659130082203,0.5389659520807062,0.6955576265921094,0.3528149248803038,0.42646178407503493,0.20733845881129767,0.955359394703657,0.14616340478409445,0.2562576106074956,0.4041179922120872,0.13148641743427678
0,HGB,ROS,PRIOR,0.6687772435652594,0.38168818558754525,0.16856029220782334,0.06358822202165892,0.5152429177592703,0.025334519371411953,0.02379155372066633,0.19745958909979722,0.8447937990241482,0.1501433655748379,1.1124121380374106,0.21164577185382444,0.23543732557449082,9.535315511850413,1.4943048057306741e-21,0.0007029422727520539,0.011457953474142728,0.18000659130082203,0.05649432534678436,0.9852438645542094,0.5410628019323671,0.10230646266270838,0.11435795786464185,0.5389659520807062,0.6955576265921094,0.3528149248803038,0.42646178407503493,0.20733845881129767
0,HGB,ROS,PLATT,0.6687772435652594,0.38168818558754525,0.16792153457333348,0.06713674560556693,0.5124780115992321,0.003909566545340485,0.007898892080158995,0.30015739676518566,0.9847355277943634,0.002041452319709289,1.0014560442427962,0.23509501682872727,0.23543732557449082,0.19869563950805605,0.8425008351860033,8.3347186254335e-05,0.011370014529854465,0.18000659130082203,0.05372005044136192,0.9867194780987885,0.5546875,0.09795355254081398,0.11494159433248209,0.6302648171500631,0.6106710158434296,0.33266773162939295,0.4354796549620981,0.20564499238945022
0,HGB,ROS,ISO,0.6686979049754629,0.3713879382179807,0.16808746926470433,0.06621491996478501,0.51364465062839,0.006731319101236521,0.009393126757990493,0.10430455225519719,0.9305266836510578,0.0028016128123654863,1.0019862889672673,0.23497060605205752,0.23543732557449082,0.9839092328853647,0.32516014361892465,0.00010821273861782906,0.011429020799259006,0.18000659130082203,0.06456494325346784,0.9838459148803976,0.5517241379310345,0.11560171596297134,0.12548120947666153,0.5952080706179067,0.6443771357564461,0.3401066436085891,0.4328686720469552,0.20652002708409806
0,HGB,RUS,UNCAL,0.6678818173306585,0.37690346217022136,0.22884362658270557,-0.2713069278683715,0.6490135778384457,0.2427651209753808,0.24276512097538094,0.9037516889062459,1.004730376510355,-1.1824163350059291,0.49233818704425425,0.47820244654987193,0.23543732557449082,0.3848847818418979,0.700322781341715,0.06056338972062052,0.011426739857929085,0.18000659130082203,0.6239596469104666,0.6143988816402609,0.33257158220190886,0.43388284812346545,0.2036457602342351,0.9886506935687264,0.05187946567256912,0.24305555555555555,0.3901856367889315,0.0853995077910537
0,HGB,RUS,PRIOR,0.6678818173306585,0.37690346217022136,0.16822175327653952,0.06546892499390766,0.5127380051758591,0.004830543233736921,0.010064024740487362,0.22075797164507516,1.004735577057071,-0.004557076656178648,0.9967538205351428,0.2362040864293732,0.23543732557449082,-0.1314036906230688,0.8954559692849472,4.9287228643012886e-05,0.01087722025381793,0.18000659130082203,0.05725094577553594,0.9862534948741846,0.5618811881188119,0.10391393911650264,0.12062677275263219,0.6239596469104666,0.6143988816402609,0.33257158220190886,0.43388284812346545,0.2036457602342351
0,HGB,RUS,PLATT,0.6678818173306585,0.37690346217022136,0.16822558473885993,0.06544763987155344,0.5127366289487935,0.0057606240442497885,0.010387755087833763,0.22319595514786073,0.9950184172829905,0.0022174536323666134,1.0015828148576154,0.23506526078720757,0.23543732557449082,0.32058468482213515,0.7485251452481656,6.067540039070526e-05,0.010970304044477613,0.18000659130082203,0.0575031525851198,0.9861758310034172,0.5615763546798029,0.10432395332875773,0.12081941612135219,0.6191677175283733,0.6182820751786269,0.3331071913161465,0.43317159241288045,0.2030730129412342
0,HGB,RUS,ISO,0.667476045641676,0.37023967635684335,0.1684805964950371,0.06403095976926199,0.5143804306603305,0.005116732528940274,0.01375701720212037,0.33725490196078467,0.9314684296009536,0.0026472573962828924,1.001882137656573,0.23499503257457463,0.23543732557449082,0.9244896710130119,0.35523142679945896,0.00019456968560130507,0.010750203474371325,0.18000659130082203,0.07364438839848676,0.9816713264989128,0.553030303030303,0.12997996884041843,0.1346718202091331,0.5818411097099622,0.6540074557315937,0.3411712511091393,0.43012957956558223,0.20412632321401084
0,HGB,SMOTE,UNCAL,0.6702385583391802,0.3757985685036051,0.16845189024470458,0.06419043309812777,0.5129323314505165,0.012284293418645485,0.012980412758710595,0.17554440103092617,0.9266446209613821,-0.038609823090681575,0.9732694472764886,0.24190354092930574,0.23543732557449082,-0.30563509378065257,0.7598824972900112,0.00036222152812960556,0.011505793628464234,0.18000659130082203,0.08196721311475409,0.9757688723205965,0.5102040816326531,0.14124293785310735,0.12840400839832367,0.6327868852459017,0.6133115874495185,0.3350694444444444,0.438138479001135,0.21011768789582
0,HGB,SMOTE,PRIOR,0.6702385583391802,0.3757985685036051,0.19031249489887467,-0.05725292348228339,0.6015483702340507,0.1397480465567211,0.13974804655672124,0.3635811283591446,0.9270553091182983,1.139249435259069,2.4604357770400767,0.09568927901776966,0.23543732557449082,64.12500565365949,0.0,0.021230695636249745,0.009147239925527663,0.18000659130082203,0.0025220680958385876,0.999767008387698,0.7692307692307693,0.005027652086475616,0.03496910005898404,0.08196721311475409,0.9757688723205965,0.5102040816326531,0.14124293785310735,0.12840400839832367
0,HGB,SMOTE,PLATT,0.6702385583391802,0.3757985685036051,0.16828711124551687,0.065105838461881,0.512635692180827,0.009235411145059358,0.010158674138202109,0.1759583203859818,0.9795991499554457,0.0016384064413573667,1.0011654116507378,0.23516326356730397,0.23543732557449082,0.6568989642956139,0.5112458842326678,0.0001830513128260485,0.011300351809430358,0.18000659130082203,0.06380832282471627,0.9819819819819819,0.5216494845360825,0.11370786516853931,0.11616524000572347,0.6065573770491803,0.6337371854613234,0.3377334644010673,0.4338805700883998,0.20637277216300598
0,HGB,SMOTE,ISO,0.6695733423121779,0.36499590079407584,0.16854174871268923,0.06369123766680895,0.5138812516036132,0.005789115915581857,0.011822967706998167,0.1397972000122536,0.9246450795410411,0.001644570105254968,1.0011657814845825,0.23516317669724157,0.23543732557449082,1.1724285072850569,0.24102505980107214,0.0002827895148786292,0.011097383552974896,0.18000659130082203,0.05271122320302648,0.9851662006834421,0.5225,0.09576174112256587,0.10553545907994712,0.6045397225725094,0.6367660764212488,0.3388464800678541,0.4342784672524685,0.20742768341822032
1,LR,NONE,UNCAL,0.6594141147278512,0.3726247756661291,0.16931833462739818,0.05937702945311574,0.5164498872836724,0.008340247569879148,0.0129716767853562,0.1964045345783869,0.8882986203080908,-0.0062792819838335436,0.9955717609087639,0.2364845356396833,0.23543732557449082,1.4158945714611426,0.15680637458023203,0.0001976905822889378,0.010320567115970519,0.18000659130082203,0.06834804539722572,0.9815936626281454,0.5334645669291339,0.12117147328414933,0.12388269195887494,0.6015132408575031,0.6220099409754583,0.32887479316050744,0.4252473923508959,0.19152218763868847
1,LR,NONE,PRIOR,0.6594141147278512,0.3726247756661291,0.16931833462739818,0.05937702945311574,0.5164498872836724,0.008340247569879148,0.0129716767853562,0.1964045345783869,0.8882986203080908,-0.0062792819838335436,0.9955717609087639,0.2364845356396833,0.23543732557449082,1.4158945714611426,0.15680637458023203,0.0001976905822889378,0.010320567115970519,0.18000659130082203,0.06834804539722572,0.9815936626281454,0.5334645669291339,0.12117147328414933,0.12388269195887494,0.6015132408575031,0.6220099409754583,0.32887479316050744,0.4252473923508959,0.19152218763868847
1,LR,NONE,PLATT,0.6594141147278512,0.3726247756661291,0.16917133239874294,0.060193678596866085,0.516031209944924,0.003482884089868308,0.008801053474155409,0.202242458485274,0.9956976279070809,-0.007138045646970903,0.9948924330356943,0.23664601092211132,0.23543732557449082,-0.27074719819988946,0.7865854731422978,9.867945751767536e-05,0.010447163726190268,0.18000659130082203,0.04867591424968474,0.9887387387387387,0.5710059171597633,0.08970485707645827,0.11319154855289752,0.6083228247162673,0.6161851506679092,0.3279847701930922,0.42618605883912003,0.19205144988170986
1,LR,NONE,ISO,0.6593246494744517,0.3630709343133383,0.16929636777132398,0.059499063073748526,0.5168364086241318,0.006838515680552211,0.010078713276344065,0.16524216524216484,0.9460763787126487,-0.0067359794889063134,0.9951925492586557,0.23657464653435567,0.23543732557449082,0.11511856087762945,0.9083511482564379,0.00011888832766579797,0.01038325177261305,0.18000659130082203,0.05145018915510719,0.9881950916433675,0.5730337078651685,0.0944225873640361,0.11693219531515868,0.7084489281210593,0.5135135135135135,0.3095999118262978,0.43089430894308944,0.18891285411877043
1,LR,CSL,UNCAL,0.6602689265775755,0.372266180025045,0.22986884500345534,-0.27700237720353726,0.6517431982347826,0.24072476959122396,0.24072476959122344,0.39302225606168606,0.8855082288310165,-1.185411454905026,0.49444785287361787,0.47616209516571445,0.23543732557449082,3.615961747451865,0.0002992345649593216,0.0607807299513314,0.010591462769923305,0.18000659130082203,0.6030264817150063,0.6227089158123641,0.3298385984273693,0.4264312466559657,0.193427452014949,0.9833543505674653,0.06748990369680025,0.2451276247956746,0.39243118111821246,0.09420363633611414
1,LR,CSL,PRIOR,0.6602689265775755,0.372266180025045,0.16928156970835787,0.05958127152433457,0.5162768646852739,0.007384222496741494,0.01066745904776766,0.2474741982580766,0.885711939187085,-0.007552196555275606,0.994682525428227,0.2366959502713001,0.23543732557449082,1.4349305912350214,0.15130687735600257,0.0002441562001328027,0.010439656831185567,0.18000659130082203,0.06885245901639345,0.9808170239204722,0.525,0.12173913043478261,0.12182226350594369,0.6030264817150063,0.6227089158123641,0.3298385984273693,0.4264312466559657,0.193427452014949
1,LR,CSL,PLATT,0.6602689265775755,0.372266180025045,0.1691234854299807,0.06045948535658785,0.5158333046038331,0.0036325989462748873,0.00679311677334788,0.223794761113299,0.9982709384207533,-0.00806322384580696,0.9942338959716274,0.23680275489341146,0.23543732557449082,-0.3287543865107703,0.7423413425782561,9.675964077499014e-05,0.010372607439848329,0.18000659130082203,0.04791929382093316,0.9882727555141348,0.5571847507331378,0.08824895494658615,0.1090199788613299,0.6103404791929382,0.6161851506679092,0.3287150230915512,0.4272976074865366,0.19375381312554507
1,LR,CSL,ISO,0.6599190865866953,0.36117329203914034,0.16918157005429266,0.06013680481532435,0.5164371983451455,0.0066811535877490435,0.011551984874353568,0.11151260672489238,0.9524475491287984,-0.00653792805723238,0.995333399664221,0.23654116867163946,0.23543732557449082,0.05296514044494472,0.9577596826042941,9.270237444489356e-05,0.010305944552430066,0.18000659130082203,0.05372005044136192,0.9867194780987885,0.5546875,0.09795355254081398,0.11494159433248209,0.7228247162673392,0.49790307548928237,0.3071482156253349,0.4311070998796631,0.1884017945062315
1,LR,ROS,UNCAL,0.6581974852184009,0.36873763455139574,0.2301843810529957,-0.2787552910677471,0.6524489651319358,0.24033219762725272,0.2403321976272529,0.4088537801014155,0.8679138241659874,-1.1845717072108957,0.4948558368978522,0.4757695232017434,0.23543732557449082,4.107330447272402,4.002583971170305e-05,0.06067180938125927,0.010396870230999665,0.18000659130082203,0.6027742749054225,0.6236408822615719,0.3302929795467109,0.4267476118203732,0.19405266573662505,0.9833543505674653,0.0684995340167754,0.24532813188196062,0.39268808540638533,0.09545227112831844
1,LR,ROS,PRIOR,0.6581974852184009,0.36873763455139574,0.16968215565291755,0.057355875544860435,0.5172898791342319,0.008921453442776051,0.012736060992483159,0.25182798575785104,0.8681530861585245,-0.006712448861145105,0.9952746175141955,0.2365551390856532,0.23543732557449082,1.7810229343670343,0.07490870415623839,0.00029150409451245184,0.0100492655401336,0.18000659130082203,0.06885245901639345,0.9803510406958683,0.5190114068441065,0.12157648630594522,0.12001116806894618,0.6027742749054225,0.6236408822615719,0.3302929795467109,0.4267476118203732,0.19405266573662505
1,LR,ROS,PLATT,0.6581974852184009,0.36873763455139574,0.1694656392213032,0.05855870056393164,0.5166939104687749,0.0016531396882834796,0.008053350899037845,0.5543147026714607,0.989326833424661,-0.007048815413578593,0.9949526854721441,0.23663168009116592,0.23543732557449082,-0.1567323473344322,0.8754557926431011,0.00010402695197523765,0.010104545280391017,0.18000659130082203,0.04590163934426229,0.9883504193849021,0.5481927710843374,0.08471026297416802,0.10453683190260468,0.6113493064312736,0.6157191674433053,0.3288117200217037,0.4276263561788833,0.19418880955124482
1,LR,ROS,ISO,0.6575166090994243,0.35984591406199956,0.16971499098314874,0.05717346372319376,0.5179158365676565,0.007446248183742717,0.01134821722423495,0.0943936608502759,0.9314488127444538,-0.006794837697804095,0.9951485374440247,0.23658510937391974,0.23543732557449082,0.32370246658936036,0.7461633032563766,9.486035770029944e-05,0.009880919436699819,0.18000659130082203,0.05699873896595208,0.9843118981050015,0.5280373831775701,0.1028909628955156,0.11136740574229378,0.7175283732660782,0.503883193538366,0.3081338676486516,0.43112592817093504,0.18875815133496854
1,LR,RUS,UNCAL,0.6569510633388531,0.367515274975518,0.23124790286206626,-0.28466352921272264,0.6550527492167222,0.24196475587187466,0.24196475587187521,0.33621467315930686,0.849984206742717,-1.1938222656833108,0.4931635925448751,0.47740208144636587,0.23543732557449082,5.312304103802657,1.0824776430551262e-07,0.06160682823179205,0.010047669700812223,0.18000659130082203,0.6068095838587642,0.6168064616340478,0.32779291553133516,0.4256523662096418,0.19132968381833673,0.9836065573770492,0.06679092885989438,0.2450364413169138,0.3923343896182285,0.09384975066565995
1,LR,RUS,PRIOR,0.6569510633388531,0.367515274975518,0.16994724055212013,0.055883235586029256,0.5179622246801046,0.010626214998982362,0.013988178307347767,0.30256720079202937,0.8502992113286919,-0.0159630073335603,0.988835916502666,0.23809544298025714,0.23543732557449082,1.735705935738928,0.08261584342916392,0.0003991208274864237,0.01013844202949402,0.18000659130082203,0.07490542244640605,0.9787200994097546,0.5201401050788091,0.13095238095238093,0.12571056571723904,0.6068095838587642,0.6168064616340478,0.32779291553133516,0.4256523662096418,0.19132968381833673
1,LR,RUS,PLATT,0.6569510633388531,0.367515274975518,0.16963464540438608,0.05761981170513175,0.5171571893448722,0.005058478712350503,0.007286483143049034,0.26698061154596103,1.0159461394211833,-0.007156651608657801,0.9948566020944161,0.23665453400905997,0.23543732557449082,-0.4466851730202621,0.6551023887588787,0.00016405267014355215,0.0098955307061696,0.18000659130082203,0.04262295081967213,0.9881950916433675,0.5264797507788161,0.07886140923938403,0.0956223893505666,0.6126103404791929,0.6103603603603603,0.3262154176739189,0.42572955919726574,0.19048025798315515
1,LR,RUS,ISO,0.6558568939857804,0.357804520730634,0.16969438965839265,0.0572879113365129,0.517911948317698,0.00507465741458751,0.00974514296746857,0.04948504891619698,0.9552242107845667,-0.006949525746378625,0.9950229427959512,0.23661497182459626,0.23543732557449082,-0.024651314323508526,0.9803330888066317,5.122084830158326e-05,0.010215334903875738,0.18000659130082203,0.06506935687263556,0.9833022677850264,0.5454545454545454,0.11626858945470932,0.12421509491835159,0.6885245901639344,0.5269493631562597,0.3094887200997619,0.42702956358517125,0.1830462197990189
1,LR,SMOTE,UNCAL,0.6467547666812788,0.35964895748371706,0.23172667547200143,-0.2873232796500558,0.6555896009083392,0.23513938250446492,0.23513938250446506,0.3455069557451006,0.7302690153722127,-1.1807150093959156,0.5003165722664454,0.47057670807895574,0.23543732557449082,9.354460406882666,8.402751541628516e-21,0.06086812920737126,0.009114387548734946,0.18000659130082203,0.5994955863808323,0.6157191674433053,0.3245051194539249,0.42108060230292294,0.1841845041579089,0.9662042875157629,0.10057471264367816,0.2485725408772385,0.3954172472518966,0.10167317310580729
1,LR,SMOTE,PRIOR,0.6467547666812788,0.35964895748371706,0.17168991759389854,0.04620205097392749,0.5236237362742769,0.022924464654104856,0.02381470317367571,0.1776988978110291,0.7307023493790441,-0.0028557510461649656,0.9980126329640857,0.2359061576958648,0.23543732557449082,4.611966176847349,3.988779103467526e-06,0.0008863177254880507,0.009004162462836479,0.18000659130082203,0.07742749054224464,0.9754582168375272,0.492776886035313,0.13382737576285963,0.11887970703606628,0.5994955863808323,0.6157191674433053,0.3245051194539249,0.42108060230292294,0.1841845041579089
1,LR,SMOTE,PLATT,0.6467547666812788,0.35964895748371706,0.17079292147930078,0.05118518024778129,0.520627902665403,0.008389316824632186,0.006113336104122679,0.0351283234411911,0.9864444005863873,-0.004956515880635154,0.9964156565266539,0.23628424948197602,0.23543732557449082,-0.17063092891949685,0.8645139767958008,8.245686953281786e-05,0.008757876241623563,0.18000659130082203,0.03278688524590164,0.9920006213109661,0.5579399141630901,0.061934254406860414,0.09003436239471167,0.6143757881462799,0.5959148803976391,0.31888990705589737,0.41985522233712513,0.17921432137292231
1,LR,SMOTE,ISO,0.6456903603172681,0.34841307954866557,0.17116930201529962,0.04909425383625987,0.5222774466001584,0.01272991228401798,0.01437819954266846,0.15660919540229878,0.9142672317828616,-0.004155221938261755,0.997005280322008,0.23614451219200205,0.23543732557449082,0.4930016294335694,0.6220114360127156,0.0002365154404794849,0.008785859802291622,0.18000659130082203,0.03480453972257251,0.9913793103448276,0.5542168674698795,0.06549596582819175,0.09204422433504549,0.72484237074401,0.46691519105312207,0.2951324707332101,0.4194701890097059,0.16474368890579483
1,RF,NONE,UNCAL,0.6616037070248488,0.37175826438678833,0.16968798042125088,0.05732351690570592,0.5174187941302035,0.016379623670649084,0.0224989105157319,0.11640168287065544,1.351442275960035,-0.015762656585503763,0.9884589394709675,0.2381862474737687,0.23543732557449082,-3.2374996843920782,0.001205820729950894,0.0005412180485920581,0.00960364881343529,0.18000659130082203,0.010592686002522068,0.9982137309723517,0.6461538461538462,0.02084367245657568,0.060257406811227716,0.6421185372005044,0.5965361913637776,0.32889807518408476,0.4349906031095165,0.20317154987584554
1,RF,NONE,PRIOR,0.6616037070248488,0.37175826438678833,0.16968798042125088,0.05732351690570592,0.5174187941302035,0.016379623670649084,0.0224989105157319,0.11640168287065544,1.351442275960035,-0.015762656585503763,0.9884589394709675,0.2381862474737687,0.23543732557449082,-3.2374996843920782,0.001205820729950894,0.0005412180485920581,0.00960364881343529,0.18000659130082203,0.010592686002522068,0.9982137309723517,0.6461538461538462,0.02084367245657568,0.060257406811227716,0.6421185372005044,0.5965361913637776,0.32889807518408476,0.4349906031095165,0.20317154987584554
1,RF,NONE,PLATT,0.6616037070248488,0.37175826438678833,0.1690975841436642,0.060603376122639,0.5155688637094341,0.005601127604337361,0.008144570956412533,0.13351620226111538,1.0571052050641805,-0.011516119731867487,0.9917300892549546,0.23740060740857932,0.23543732557449082,-1.1271641716283656,0.25967307562960396,6.29863804645249e-05,0.009726224977345058,0.18000659130082203,0.03883984867591425,0.9912239826032929,0.5767790262172284,0.07277882797731569,0.10211442762368575,0.6247162673392181,0.6147095371233302,0.33301962893250875,0.43444707533105326,0.2045604781102833
1,RF,NONE,ISO,0.6607642712504217,0.3602782761095751,0.16933116985422483,0.05930572524845357,0.5161526484646498,0.00699134711333772,0.013367740372818179,0.14382166970313948,1.008717059942611,-0.011932666457856655,0.9914705058294795,0.23746276282572856,0.23543732557449082,-0.5397095811716373,0.5893973314141837,0.00013590321464020995,0.009791296320451781,0.18000659130082203,0.027238335435056747,0.9943305374339857,0.5966850828729282,0.05209840810419682,0.08874885210304498,0.6221941992433796,0.617816091954023,0.33391987005955603,0.43459878446225664,0.20520770878788644
1,RF,CSL,UNCAL,0.6618356017451552,0.3711754354933122,0.19075909780646938,-0.05973395989526864,0.5685158580322182,0.14726889564427673,0.14724553263410042,0.19672822718245175,1.3620534073363342,-0.7284353944029425,0.615228303343965,0.3826828582085913,0.23543732557449082,-32.89958640527666,2.2279926387276696e-237,0.02181230593304338,0.010483047351871536,0.18000659130082203,0.23228247162673393,0.8998912705809258,0.4167420814479638,0.29829959514170046,0.16608259581477344,0.9843631778058007,0.07145076110593351,0.2461063118733842,0.3937651331719128,0.10105576849731931
1,RF,CSL,PRIOR,0.6618356017451552,0.3711754354933122,0.17567211939553118,0.02407951772192174,0.5334555378129263,0.0693097318562227,0.07008686352440364,0.22774972847739894,1.3628042315570679,0.44942386394680806,1.4169953475512873,0.166152504298162,0.23543732557449082,22.418690345762244,2.5868494245047423e-111,0.006360459620698743,0.0091884712617226,0.18000659130082203,0.0015132408575031526,0.9998446722584654,0.75,0.003020387616410773,0.026439808651662268,0.23228247162673393,0.8998912705809258,0.4167420814479638,0.29829959514170046,0.16608259581477344
1,RF,CSL,PLATT,0.6618356017451552,0.3711754354933122,0.1690862053957989,0.060666589073803956,0.5152634162434058,0.004591776044118121,0.009913755211085106,0.08900377941053206,1.0512632553555623,-0.00830160074947249,0.9940386510917157,0.23684926669191259,0.23543732557449082,-0.8077487336730943,0.41923524292745895,7.593324417465766e-05,0.010106088314856656,0.18000659130082203,0.044136191677175286,0.9896707051879465,0.5681818181818182,0.08190966534051018,0.10704495339479998,0.6063051702395965,0.625349487418453,0.33259546209186497,0.42955418565174663,0.1985704286459207
1,RF,CSL,ISO,0.6596917263395501,0.3599321436715345,0.16935565182867707,0.059169719259587694,0.5158607095632378,0.005812881586598995,0.007221272586479954,0.16437380926917,0.992507668704115,-0.006207890851717939,0.9955542870853638,0.23648868638170334,0.23543732557449082,-0.15390271228677085,0.8776864454901866,0.0002714713556091294,0.010098826713147414,0.18000659130082203,0.03127364438839849,0.9939422180801492,0.6138613861386139,0.05951523878089753,0.09827580532307072,0.6166456494325346,0.6112146629388009,0.3281438733055966,0.4283461807988788,0.19464385187633187
1,RF,ROS,UNCAL,0.6614881024434445,0.3716169696615341,0.20268783600305787,-0.12600230101758636,0.5944425786764972,0.1830793216659177,0.1830554666895551,0.1893366146450668,1.3544708714444693,-0.8845106366697887,0.5625839439211723,0.418492792264046,0.23543732557449082,-32.16945947029886,4.720817268808646e-227,0.03360835704605396,0.010451493939883464,0.18000659130082203,0.35813366960907944,0.8286735010872942,0.39161610590182017,0.37412725596100643,0.19282269080539466,0.9944514501891552,0.03277415346380864,0.24047081783253035,0.3872900500933111,0.07209678757887616
1,RF,ROS,PRIOR,0.6614881024434445,0.3716169696615341,0.17263953022116452,0.04092661844446521,0.5245041478741977,0.04886923390896399,0.048289100402134466,0.3815244693705281,1.356376858693526,0.29334862167996184,1.2508517405757993,0.18822160767519336,0.23543732557449082,13.638426658884235,2.3661038338586247e-42,0.0033562620780442634,0.009169974518735368,0.18000659130082203,0.003026481715006305,0.9995340167753961,0.6666666666666666,0.006025608837559628,0.03324670645747053,0.35813366960907944,0.8286735010872942,0.39161610590182017,0.37412725596100643,0.19282269080539466
1,RF,ROS,PLATT,0.6614881024434445,0.3716169696615341,0.16910807243219478,0.06054510998663365,0.5154736302663494,0.008910325624006529,0.008231119414627836,0.14059494249418758,1.03916648503454,-0.006986668116703017,0.9949835985643468,0.23662432819415444,0.23543732557449082,-0.6496658970134316,0.5159080571029209,0.00016034037223973188,0.010497459013594336,0.18000659130082203,0.04766708701134931,0.9898260329294812,0.590625,0.0882147024504084,0.11651195948739898,0.6126103404791929,0.6201460080770426,0.3318306010928962,0.43048294195835185,0.1992125947278785
1,RF,ROS,ISO,0.660424910495572,0.36153903633729007,0.1692446000291034,0.05978665111064463,0.5157709597811082,0.005943559379289356,0.011264054583174737,0.22785124053812844,0.9972010103128959,-0.008752414223536903,0.993743950125068,0.23691950581924023,0.23543732557449082,-0.2749147920055545,0.7833817024872363,0.00010086504488112226,0.01044245744621423,0.18000659130082203,0.058007566204287514,0.985632183908046,0.5542168674698795,0.1050228310502283,0.11942750992614783,0.676670870113493,0.5552190121155638,0.3190249702734839,0.43361616161616157,0.19676884540568323
1,RF,RUS,UNCAL,0.6601133833751132,0.36535639866673875,0.23210310236221643,-0.28941446357557044,0.6565596046499987,0.2500201941573454,0.250020194157345,0.3340103635474554,1.4352254906633117,-1.1612164692482763,0.48498028355713835,0.4854575197318358,0.23543732557449082,-11.005123302134228,3.6102173901118363e-28,0.06264677819916846,0.009810215105960949,0.18000659130082203,0.6055485498108449,0.6291550170860516,0.33458751393534003,0.43102055470783596,0.20136761460332034,1.0,0.002329916123019571,0.23585747427279757,0.3816904120138621,0.023442016381763426
1,RF,RUS,PRIOR,0.6601133833751132,0.36535639866673875,0.17038524313866643,0.053449976984879966,0.5190317950331503,0.02390503221664952,0.028077298543305932,0.17127563352613517,1.4356924275094927,0.016642789101474355,1.0124431829043123,0.23254374126863214,0.23543732557449082,-1.6280235871603084,0.10351988445991282,0.0007324052265442814,0.008845591553775203,0.18000659130082203,0.006809583858764187,0.9990680335507922,0.6923076923076923,0.013486513486513486,0.051880075490943624,0.6055485498108449,0.6291550170860516,0.33458751393534003,0.43102055470783596,0.20136761460332034
1,RF,RUS,PLATT,0.6601133833751132,0.36535639866673875,0.16956815379291343,0.057989196020406863,0.516492710682901,0.010038468356581015,0.011166360382347076,0.23801970421683483,1.0417199865544744,-0.010414214398276807,0.9925178438218862,0.2372121841839063,0.23543732557449082,-0.7779154417750145,0.43661886428071206,0.00014373590331463816,0.00988624863757725,0.18000659130082203,0.038083228247162676,0.9901366884125505,0.5431654676258992,0.07117605467829366,0.09396711814525537,0.6136191677175283,0.6203013358185772,0.33228626058453975,0.4311154425445203,0.20020266038652493
1,RF,RUS,ISO,0.6592537530355506,0.3571767229241139,0.16968478606031287,0.05734126270553985,0.5172196599655801,0.008515636674406184,0.009955016861809381,0.5,0.9912534019831436,-0.00994043657595169,0.992874964965777,0.23712686277934908,0.23543732557449082,-0.41661926129885196,0.6769569185109965,0.00018527998935077703,0.009780233358080287,0.18000659130082203,0.02219419924337957,0.9945635290462876,0.5569620253164557,0.04268736357021586,0.07374992889572038,0.6471626733921816,0.5910997204100652,0.3276720725322437,0.43506273312987453,0.2026733159867117
1,RF,SMOTE,UNCAL,0.6540748950019724,0.363504447196238,0.17532201936056005,0.02602444669613946,0.5331686205537775,0.07109883201252097,0.0708779379841452,0.28710019555607813,1.3985053847463111,-0.3723869018261993,0.7686111453908089,0.30631526355863614,0.23543732557449082,-21.392104480290893,1.5825550950381058e-101,0.005265567349165642,0.009134498329805606,0.18000659130082203,0.0489281210592686,0.9865641503572538,0.5286103542234333,0.08956602031394276,0.1031367188641313,0.8991172761664565,0.23788443616029822,0.2664822843474361,0.411116877126218,0.14381898967013995
1,RF,SMOTE,PRIOR,0.6540748950019724,0.363504447196238,0.18568317324342498,-0.0315354115734372,0.5693286529708098,0.1123694305285632,0.11236943052856327,0.36083617219795894,1.3982331627717923,0.8054723565235512,1.9130685991389407,0.12306789504592758,0.23543732557449082,43.40748924791612,0.0,0.01487757859675415,0.007512336075234714,0.18000659130082203,0.0005044136191677175,1.0,1.0,0.001008318628686665,0.01963928793928465,0.0489281210592686,0.9865641503572538,0.5286103542234333,0.08956602031394276,0.1031367188641313
1,RF,SMOTE,PLATT,0.6540748950019724,0.363504447196238,0.17009946482844554,0.05503757612864302,0.5182882619485107,0.00541822449530885,0.008688030530305662,0.10258786218570526,1.0505076036271153,-0.01139785457408659,0.9917766674777762,0.23738945802510175,0.23543732557449082,-0.9954174485497468,0.319533275765689,5.453358145276388e-05,0.009277806038048024,0.18000659130082203,0.03026481715006305,0.9922336129232681,0.5454545454545454,0.057347670250896064,0.08406677342524593,0.6168978562421186,0.606865486175831,0.3257858284496537,0.42639239954676195,0.1909977519158108
1,RF,SMOTE,ISO,0.6538496697767473,0.3550526474482172,0.17023292778447957,0.05429614241185765,0.5186200718551024,0.006498386741710032,0.007680157833382285,0.07085020242915008,1.0085098792155742,-0.010399221776102441,0.9925174120518241,0.23721228737717853,0.23543732557449082,-0.5308833711541862,0.5954996016925276,7.282601971058256e-05,0.009205383730744258,0.18000659130082203,0.03127364438839849,0.9918452935694315,0.5414847161572053,0.05913209346685742,0.08469372939160441,0.6655737704918033,0.5575489282385834,0.3165786948176583,0.429070807251443,0.1893388879713591
1,HGB,NONE,UNCAL,0.671908321766999,0.3883116846117007,0.16725151845339425,0.07085892108312786,0.5107543309339525,0.005654066720805762,0.007141591868239573,0.12426771893964572,0.9821650530929564,-0.001867884091770678,0.9986779657889955,0.23574899380951692,0.23543732557449082,0.19864912167746054,0.842537225730802,5.4390959683447896e-05,0.011816573700302558,0.18000659130082203,0.07213114754098361,0.9834575955265611,0.5731462925851704,0.1281362007168459,0.13909004836451233,0.6216897856242118,0.6269027648337994,0.33911129453845096,0.4388463592665124,0.21294208911158852
1,HGB,NONE,PRIOR,0.671908321766999,0.3883116846117007,0.16725151845339425,0.07085892108312786,0.5107543309339525,0.005654066720805762,0.007141591868239573,0.12426771893964572,0.9821650530929564,-0.001867884091770678,0.9986779657889955,0.23574899380951692,0.23543732557449082,0.19864912167746054,0.842537225730802,5.4390959683447896e-05,0.011816573700302558,0.18000659130082203,0.07213114754098361,0.9834575955265611,0.5731462925851704,0.1281362007168459,0.13909004836451233,0.6216897856242118,0.6269027648337994,0.33911129453845096,0.4388463592665124,0.21294208911158852
1,HGB,NONE,PLATT,0.671908321766999,0.3883116846117007,0.1672513323527521,0.07085995493772623,0.5107541288890844,0.006384154794980942,0.006807295015764279,0.11160434384277518,0.9938496640133885,-0.010269356025104044,0.9927490085045901,0.2371569485918074,0.23543732557449082,-0.3675309537605001,0.7132230071545236,5.468562340379244e-05,0.01174409214094676,0.18000659130082203,0.07187894073139975,0.9834575955265611,0.572289156626506,0.12771678243334078,0.1385937000971448,0.6254728877679697,0.6208449829139484,0.33686498234175494,0.43789176304405397,0.2106826795489039
1,HGB,NONE,ISO,0.6709814480306284,0.37805688051400343,0.16759357189983393,0.06895869374162988,0.5123570455099421,0.010781244680509396,0.013293928149385872,0.4694994380730211,0.9272361377124357,-0.011173893147983142,0.9921508342556485,0.23729993207245084,0.23543732557449082,0.29248563581106296,0.769915340927976,0.0002618858793086896,0.011975372365974245,0.18000659130082203,0.05725094577553594,0.9877291084187636,0.5896103896103896,0.10436781609195403,0.12768490276554526,0.6547288776796973,0.5884591488039764,0.32881570614312855,0.43777403035413154,0.20675868154657903
1,HGB,CSL,UNCAL,0.6723414276127674,0.3848227260973789,0.221977276564397,-0.23316193568398114,0.6333590105028305,0.2286797732529876,0.22867977325298722,0.29106318647121127,1.0065535907584584,-1.1261244127137986,0.5072800079318078,0.46411709882747826,0.23543732557449082,-3.9157738729122515,9.011468203421232e-05,0.05465875437987733,0.012356509377711456,0.18000659130082203,0.6126103404791929,0.6425132028580305,0.34542093287827075,0.44175684277530236,0.21948801941848556,0.9815889029003783,0.0860515688101895,0.24853128991060025,0.3966369426751592,0.1123822906126502
1,HGB,CSL,PRIOR,0.6723414276127674,0.3848227260973789,0.16750118764571337,0.06947192080433318,0.511150353156623,0.008656463272106134,0.010801174996441211,0.7176060451012922,1.0065158039671622,0.051734845635951925,1.0377810637231577,0.226866083612889,0.23543732557449082,2.348862375200315,0.01883086556778448,0.0001779125481127747,0.011958877847659718,0.18000659130082203,0.0416141235813367,0.9905250077663871,0.5749128919860628,0.07761053621825025,0.10535466986818086,0.6126103404791929,0.6425132028580305,0.34542093287827075,0.44175684277530236,0.21948801941848556
1,HGB,CSL,PLATT,0.6723414276127674,0.3848227260973789,0.16742274933306212,0.069907673251421,0.5109375524939499,0.004977057591378952,0.009417175227438497,0.7339709874189113,0.9978103705302067,-0.011530395390394346,0.9918426585865812,0.2373736635909563,0.23543732557449082,-0.5938051058845746,0.5526424736371269,7.947984833953121e-05,0.011954590764353097,0.18000659130082203,0.055989911727616644,0.987806772289531,0.5857519788918206,0.1022099447513812,0.1252830755163269,0.6489281210592686,0.604690897794346,0.3357692809604593,0.44255245958032335,0.21608292920627106
1,HGB,CSL,ISO,0.6715412840766147,0.3721550758701423,0.1676998812757902,0.06836810772370683,0.5128894264680713,0.005179769116563813,0.008226983433268838,1.0,0.9278662360043864,-0.011938415652045347,0.9916068356527709,0.2374301155553283,0.23543732557449082,0.19687353720102976,0.8439265026373115,0.00022868216587641773,0.011616684007695378,0.18000659130082203,0.05094577553593947,0.9888940664802733,0.5855072463768116,0.09373549883990719,0.11932482769003268,0.6378310214375789,0.6149425287356322,0.33778549485775344,0.4416695773663989,0.21581971196022834
1,HGB,ROS,UNCAL,0.668222020341862,0.38047134123570403,0.21336117109913388,-0.1852964358542326,0.6137487576157804,0.20287387180569957,0.20285123137697572,0.28136392520040154,0.8439065793568488,-1.0367808012550663,0.5371742470578845,0.43828855695146657,0.23543732557449082,-3.9670749445167877,7.276011809998829e-05,0.045166672190196364,0.011596645605992249,0.18000659130082203,0.5472887767969735,0.6870146008077043,0.35,0.42695523856369894,0.20611213536988288,0.9500630517023959,0.15392979186082634,0.25694018143373576,0.4044883496188124,0.13143332348231135
1,HGB,ROS,PRIOR,0.668222020341862,0.38047134123570403,0.16861659559736034,0.06327543686679271,0.515103431178898,0.02332275730045466,0.023485553123848046,0.1263669423075373,0.8442501337232152,0.1410784570946842,1.10526072511494,0.2130151920036848,0.23543732557449082,9.117420605504346,7.693351934994954e-20,0.0006131455010406241,0.011544905364100362,0.18000659130082203,0.05649432534678436,0.9879621000310655,0.5910290237467019,0.10313075506445672,0.12717030576146957,0.5472887767969735,0.6870146008077043,0.35,0.42695523856369894,0.20611213536988288
1,HGB,ROS,PLATT,0.668222020341862,0.38047134123570403,0.16804190292731214,0.06646805701417269,0.5125449877735121,0.0035142013383819607,0.007602399506888246,0.29219588492245907,0.9896744255733532,-0.007841001955787174,0.9944273359185697,0.23675669108292693,0.23543732557449082,-0.3275467904877987,0.743254359206575,3.9260870909863114e-05,0.01130038405031269,0.18000659130082203,0.049936948297604034,0.9891270580925753,0.5857988165680473,0.0920288171043458,0.11818138143237132,0.6431273644388399,0.5990990990990991,0.33065352697095435,0.4367560161000257,0.20627118067599032
1,HGB,ROS,ISO,0.6674946144561745,0.3714668216137787,0.168395950923188,0.06450119572694246,0.5160115692841972,0.008644119760944624,0.012848869100729531,0.4285714285714286,0.8919901401142003,-0.008260207815345293,0.9941699976105769,0.23681797493421566,0.23543732557449082,0.5737673870408365,0.5661252206377239,0.0002771804223504733,0.011399858248276894,0.18000659130082203,0.06683480453972257,0.9851662006834421,0.581140350877193,0.11988237955213753,0.13593089444712322,0.6688524590163935,0.5698974836905871,0.3238095238095238,0.43636363636363634,0.2026656980889208
1,HGB,RUS,UNCAL,0.6697266329685776,0.3803555793000536,0.2275375909252066,-0.2640514398995093,0.6460261533817536,0.2412012783189997,0.24120127831899965,0.9133661827277686,1.0531489018049418,-1.1701365343892969,0.493953539749587,0.47663860389349033,0.23543732557449082,-1.9098589712982892,0.05615137396213337,0.05956447316293111,0.01168954795878939,0.18000659130082203,0.623203026481715,0.6239515377446412,0.33789142622726653,0.4381982621032098,0.21155926713830908,0.9911727616645649,0.054520037278657965,0.2440387481371088,0.39164881159998,0.0947674548089122
1,HGB,RUS,PRIOR,0.6697266329685776,0.3803555793000536,0.16790764865893282,0.06721388674967921,0.5120312017613687,0.003890387073830622,0.010088926063476748,0.06590969698225979,1.0531570499451495,0.00772272396045373,1.0055587464565627,0.23413582389307083,0.23543732557449082,-0.19206546780141992,0.847690923989699,3.5412399727073184e-05,0.011183430276637376,0.18000659130082203,0.04337957124842371,0.9903696800248525,0.581081081081081,0.08073222248298521,0.1089674984580454,0.623203026481715,0.6239515377446412,0.33789142622726653,0.4381982621032098,0.21155926713830908
1,HGB,RUS,PLATT,0.6697266329685776,0.3803555793000536,0.16788760600538621,0.06732523074770591,0.5119666826684152,0.0032160913327718478,0.009111670132211168,0.10574380109173709,1.0216983592178075,-0.007285757365159718,0.994812983104328,0.23666491046367863,0.23543732557449082,-0.5468436594522482,0.5844861453709169,2.796777137086465e-05,0.011321852517686878,0.18000659130082203,0.051954602774274904,0.9881174277726001,0.5738161559888579,0.09528214616096208,0.11770671796941878,0.6305170239596469,0.6171947809878844,0.33651904697805896,0.4388274530454625,0.21166675178322597
1,HGB,RUS,ISO,0.6694830739771386,0.3720299184689659,0.16789359905476825,0.06729193724806948,0.5130664149254766,0.0020401347719438976,0.006361632943302114,0.5,0.9684101343257024,-0.006276382038345023,0.9955440369889271,0.2364911212632872,0.23543732557449082,-0.15446085836063117,0.8772463712974933,6.732369681014773e-05,0.011154633070629106,0.18000659130082203,0.05447667087011349,0.9874961168064617,0.5729442970822282,0.09949332105020726,0.12037645247752754,0.6020176544766709,0.6484156570363467,0.3452415389065664,0.43882709807886755,0.21598842499991922
1,HGB,SMOTE,UNCAL,0.6676105814036849,0.3790798713336131,0.1684949327768855,0.06395131667539111,0.513550216313389,0.01512634227802663,0.013315422390414288,0.19129349403102458,0.857601082515959,-0.02635735340837108,0.9818540790278423,0.23978850890715153,0.23543732557449082,1.5182528140712377,0.12895067798990123,0.0005027345884187458,0.011354357211079216,0.18000659130082203,0.09684741488020177,0.9733612923268096,0.5281980742778541,0.1636828644501279,0.14656631570117018,0.6221941992433796,0.6206119913016465,0.33555495103373234,0.4359812671202616,0.2077106967623218
1,HGB,SMOTE,PRIOR,0.6676105814036849,0.3790798713336131,0.18985502010132266,-0.054711489892290466,0.6032646043204837,0.14012070959568762,0.13994913051807448,0.33012468285142216,0.857672724809322,1.1515019049413795,2.4656170894778136,0.09548819505641626,0.23543732557449082,65.01382451672899,0.0,0.020976291227003955,0.009298004753719462,0.18000659130082203,0.0017654476670870113,0.9994563529046288,0.5,0.0035184719778838906,0.017986432766679192,0.09684741488020177,0.9733612923268096,0.5281980742778541,0.1636828644501279,0.14656631570117018
1,HGB,SMOTE,PLATT,0.6676105814036849,0.3790798713336131,0.16813727189195554,0.0659382488335154,0.5127248807476061,0.007360168832339133,0.007376580221614476,0.27419581848191227,0.9677879488311225,-0.006178528745446037,0.9956255215367875,0.2364717662229911,0.23543732557449082,0.29016976962194047,0.771686362091892,0.00015949780100733008,0.011186444370884695,0.18000659130082203,0.06633039092055486,0.983224603914259,0.5490605427974948,0.11836183618361837,0.12647758491624636,0.6204287515762925,0.6237962100031066,0.3368017524644031,0.436595971248558,0.2090816198943093
1,HGB,SMOTE,ISO,0.6657451696598107,0.36747399852391754,0.16859184082889783,0.06341295832244387,0.5144145759775316,0.007000074932026477,0.0076503624626706795,0.13606286186931393,0.9058035363412886,-0.006125221599042805,0.9956768099291616,0.23645958530583958,0.23543732557449082,0.9084982403229349,0.3636150430388866,0.00015029410072241097,0.011197307705968336,0.18000659130082203,0.0617906683480454,0.9842342342342343,0.546875,0.11103557670518921,0.12134914796110141,0.6504413619167717,0.5900124262193228,0.3282005599389158,0.43626829061997807,0.20449231483966365
2,LR,NONE,UNCAL,0.6647903174677943,0.3777938266271481,0.16852880727951342,0.06372465973377905,0.5145403273223448,0.004098011625661898,0.0059435911353218985,0.19151822526779005,0.952611167848541,0.008340003241812421,1.0059577795940766,0.234029052880244,0.23542334639591497,1.0213042012946216,0.3071103365550446,0.0001143997097375228,0.011219960546981078,0.17999919436766398,0.05901639344262295,0.9848567212860139,0.5454545454545454,0.10650887573964496,0.1181421256740136,0.6068095838587642,0.6271647122777044,0.3338420979603164,0.43071965628356607,0.20062912201422245
2,LR,NONE,PRIOR,0.6647903174677943,0.3777938266271481,0.16852880727951342,0.06372465973377905,0.5145403273223448,0.004098011625661898,0.0059435911353218985,0.19151822526779005,0.952611167848541,0.008340003241812421,1.0059577795940766,0.234029052880244,0.23542334639591497,1.0213042012946216,0.3071103365550446,0.0001143997097375228,0.011219960546981078,0.17999919436766398,0.05901639344262295,0.9848567212860139,0.5454545454545454,0.10650887573964496,0.1181421256740136,0.6068095838587642,0.6271647122777044,0.3338420979603164,0.43071965628356607,0.20062912201422245
2,LR,NONE,PLATT,0.6647903174677943,0.3777938266271481,0.16851158947934167,0.0638203146071189,0.5144761842347123,0.004618710420233633,0.004920378107518945,0.13889552788777815,0.9955289782949833,0.010799751246912594,1.0077682733236621,0.23360861085602436,0.23542334639591497,0.5505529073067654,0.5819401989257542,6.099313031332613e-05,0.011055789241828278,0.17999919436766398,0.04968474148802018,0.9875747456705755,0.5518207282913166,0.09116149930587691,0.10974562921564665,0.6068095838587642,0.6260775025238798,0.3331948483589531,0.4301805828714465,0.19964827923634257
2,LR,NONE,ISO,0.6639187575607448,0.367474080695457,0.16865161887372543,0.06304237004683677,0.5157516319102157,0.0050740620270764295,0.006868453069247972,0.06675336986466185,0.9377219437493867,0.012074207978163365,1.0086631474694279,0.23340135602907067,0.23542334639591497,1.019464717798994,0.30798239507597724,7.714303135350209e-05,0.01104277251596486,0.17999919436766398,0.08575031525851198,0.9764696746136522,0.5287713841368584,0.14756944444444445,0.13775560884709642,0.6088272383354351,0.6244466878931428,0.3329655172413793,0.43049487293802935,0.1998810187906641
2,LR,CSL,UNCAL,0.6648015597376321,0.3766651771786978,0.22770432629782092,-0.2650296944841608,0.6471677678765637,0.2386134208836514,0.2386134208836515,0.3025737138507304,0.937719981606173,-1.1699106156484016,0.4966352035243554,0.4740367672795664,0.23542334639591497,0.4380994918638558,0.6613141627560727,0.05916034124657533,0.011014589069416407,0.17999919436766398,0.6032786885245902,0.6287178690688825,0.33347274501603236,0.42952056024420904,0.19905325738378257,0.9846153846153847,0.061660324609769356,0.2441984112091074,0.3913392141138733,0.08943664149887176
2,LR,CSL,PRIOR,0.6648015597376321,0.3766651771786978,0.16860585728535937,0.0632966022307001,0.5146488883845929,0.0037197190975322833,0.00727194383035812,0.1352512493459832,0.9378724383028147,0.007922754409327345,1.0056475853389661,0.23410123966693816,0.23542334639591497,1.246235886812499,0.21267780765708966,0.00010037721948668874,0.01112344280862709,0.17999919436766398,0.0605296343001261,0.9842354585695426,0.5417607223476298,0.1088929219600726,0.11867463029568574,0.6032786885245902,0.6287178690688825,0.33347274501603236,0.42952056024420904,0.19905325738378257
2,LR,CSL,PLATT,0.6648015597376321,0.3766651771786978,0.16856966311291927,0.06349768186606963,0.5145315828696357,0.004883999078002451,0.005425843348392127,0.15695042995314024,0.9959701257013166,0.010418523195538841,1.0074942945457752,0.23367213856238725,0.23542334639591497,0.5457731725923842,0.585221866395611,8.257170246227125e-05,0.011006279878928353,0.17999919436766398,0.0489281210592686,0.9870311407936632,0.5373961218836565,0.08969024503005087,0.1053402467415886,0.6055485498108449,0.6273976857963811,0.33351854424225585,0.4301325689716948,0.1997756121901159
2,LR,CSL,ISO,0.6639090038144393,0.36737589232473145,0.16879934615845196,0.06222165923776701,0.5160425632168185,0.006190284211587333,0.008789039305646212,0.06611701284287286,0.9303268505917297,0.011837555030953404,1.0084907445609197,0.2334412563185341,0.23542334639591497,1.1188903557158894,0.26318691786855186,0.0001096727956817704,0.011048078828201482,0.17999919436766398,0.06935687263556116,0.9805078822707153,0.5228136882129277,0.12246715653529282,0.12162501645270193,0.6166456494325346,0.6180010872097538,0.3320206409560022,0.4316356253861771,0.20069114937150237
2,LR,ROS,UNCAL,0.6626314099422208,0.37359249409701123,0.22808042593143849,-0.26711914624094724,0.6481727951735466,0.2384649860717321,0.23845174363332544,0.2940223402946983,0.9184590556872727,-1.169348654901617,0.49680464609648123,0.47387509002924044,0.23542334639591497,0.7994577584876393,0.42402503087406784,0.059147682245578405,0.010620221596915318,0.17999919436766398,0.6037831021437579,0.6288731847480004,0.3337515683814304,0.4298796911474232,0.19961930572164355,0.983858764186633,0.06088374621418032,0.24390396398649494,0.390901347762914,0.08681061229865922
2,LR,ROS,PRIOR,0.6626314099422208,0.37359249409701123,0.1689900259212415,0.06116232248300346,0.5158165853362908,0.005096607936015035,0.00600883296433062,0.10857558544386903,0.918650309012921,0.008484715156111993,1.0060479155542024,0.23400808525727837,0.23542334639591497,1.538016005336845,0.12404470142214749,0.00012219584581962993,0.010875884957000271,0.17999919436766398,0.05926860025220681,0.9834588801739536,0.5245535714285714,0.10650351234987536,0.11265611108025901,0.6037831021437579,0.6288731847480004,0.3337515683814304,0.4298796911474232,0.19961930572164355
2,LR,ROS,PLATT,0.6626314099422208,0.37359249409701123,0.168927235925834,0.06151115735144208,0.5156120452589412,0.006670374415366731,0.004380618019439745,0.15186813856309334,0.9872676607017561,0.009779804885422454,1.0070411428388208,0.23377728712479726,0.23542334639591497,0.6103767808037793,0.5416122455853631,0.00010236168368820756,0.010749175490361437,0.17999919436766398,0.04741488020176545,0.9870311407936632,0.5295774647887324,0.08703703703703704,0.10173795649011096,0.6078184110970997,0.6261551603634387,0.333610188261351,0.4307802305836089,0.20056931579854792
2,LR,ROS,ISO,0.6611743314693167,0.3604743514803775,0.169198624030313,0.06000343891465365,0.5183733052187931,0.006544341773744855,0.010395138391577309,0.10000000000000009,0.8986936327244149,0.009629083189459833,1.0069055574456987,0.2338087665273524,0.23542334639591497,1.1655927212077855,0.24377915212740497,9.391768819840587e-05,0.010741266126141446,0.17999919436766398,0.05649432534678436,0.9842354585695426,0.5245901639344263,0.10200364298724955,0.10992758034355367,0.6206809583858764,0.6125650384406306,0.33033557046979867,0.43118703460359176,0.19924432669069603
2,LR,RUS,UNCAL,0.6632800340715201,0.3747470371995897,0.22980483946850347,-0.27669926430644454,0.651520588428518,0.24124467160415494,0.24124467160415491,0.31735898869110835,0.8928557608754131,-1.1894547162513958,0.4938937321275886,0.4766680180000697,0.23542334639591497,3.898099384245118,9.695062862680665e-05,0.06101158873255434,0.010853644276305545,0.17999919436766398,0.6138713745271123,0.6180010872097538,0.33102135182918535,0.4301113270895918,0.19835155531614118,0.9831021437578814,0.06810592529315834,0.24518807397156875,0.3924885465438252,0.09445176980800489
2,LR,RUS,PRIOR,0.6632800340715201,0.3747470371995897,0.1689667784669735,0.061291475584520305,0.5152927316431272,0.007359117261811736,0.008683522071725113,0.09592420403781832,0.8929382650439089,-0.011621346193666648,0.9918423634833874,0.2373596400632651,0.23542334639591497,1.1745485270540048,0.2401753866387677,0.0002041286210307737,0.010558930888092241,0.17999919436766398,0.06759142496847415,0.980740855789392,0.5193798449612403,0.11961615710778843,0.1189875401510754,0.6138713745271123,0.6180010872097538,0.33102135182918535,0.4301113270895918,0.19835155531614118
2,LR,RUS,PLATT,0.6632800340715201,0.3747470371995897,0.16880970037481446,0.062164135556181166,0.5148962645223146,0.004596189429232583,0.0038189263752429576,0.17886526690924642,1.0076020295401584,0.008713627672847222,1.0062766294102177,0.2339548982012008,0.23542334639591497,0.3855800964125797,0.6998076762316914,0.00011184169727877231,0.0106420432383351,0.17999919436766398,0.04539722572509458,0.9873417721518988,0.5247813411078717,0.08356545961002787,0.09833733945334137,0.6068095838587642,0.6253009241282907,0.3327340616788826,0.42979635584137194,0.19894832009081662
2,LR,RUS,ISO,0.6618786577160702,0.36203375427081336,0.16892577735461692,0.061519260561122446,0.5158898811723004,0.005267889701466253,0.006190548651465453,0.3537005899897251,0.9513899455074584,0.010152879161479106,1.0072932109003596,0.2337187859982537,0.23542334639591497,0.8807653260293314,0.37844485067981826,8.274086672047559e-05,0.010785363556681358,0.17999919436766398,0.03984867591424968,0.9895938494991069,0.541095890410959,0.07423067888184168,0.09570036132187336,0.6658259773013872,0.5700085423623514,0.32285679344502877,0.434854225004118,0.20019583385078102
2,LR,SMOTE,UNCAL,0.6540621954096479,0.3674830255143064,0.2286994811006749,-0.2705583570119525,0.6487456092561047,0.23357193585201236,0.23357193585201239,0.3049585079384644,0.8047666617869941,-1.164242496849254,0.5019738050828878,0.46899528224792725,0.23542334639591497,5.184716776943768,2.163433781152851e-07,0.05864739563264643,0.010030727145799416,0.17999919436766398,0.603530895334174,0.6200201910382853,0.32843810046664834,0.42538441027464224,0.19143576335946422,0.9704918032786886,0.09388832802671429,0.2480020623872132,0.3950515887274781,0.10141896035473118
2,LR,SMOTE,PRIOR,0.6540621954096479,0.3674830255143064,0.17021809181212816,0.054339703677233064,0.519503827039527,0.01813438645219454,0.019472159469702884,0.08310012524814825,0.8050747756535177,0.013590873208475154,1.009605871167218,0.2331834165383162,0.23542334639591497,3.6598243781712,0.00025238816641806323,0.0004704749334837671,0.00933427498237873,0.17999919436766398,0.06582597730138713,0.9814397763454221,0.522,0.11690929451287793,0.11815114248534314,0.603530895334174,0.6200201910382853,0.32843810046664834,0.42538441027464224,0.19143576335946422
2,LR,SMOTE,PLATT,0.6540621954096479,0.3674830255143064,0.16983930108621723,0.056444106013646356,0.5180831113856987,0.00590363499302558,0.00992500437668965,0.1576813488930866,1.0157689811606119,0.010167476007529994,1.0073907752909952,0.23369615066001626,0.23542334639591497,0.22993114784313579,0.8181452722017822,6.049986760999452e-05,0.00918465493265348,0.17999919436766398,0.0330390920554855,0.9920789003649918,0.5622317596566524,0.06241067174845165,0.09123556495530838,0.6168978562421186,0.6054981750407704,0.3250066436353973,0.42572448002784785,0.18978379626673117
2,LR,SMOTE,ISO,0.6527706955939018,0.3578162435025148,0.16988561396602436,0.05618681108585266,0.5190323239327602,0.00468869632638447,0.0070403357082738476,0.2154761904761905,0.9641561236782509,0.01106738786897588,1.0080227406940359,0.23354963820937524,0.23542334639591497,0.6282728158447202,0.5298252364930114,0.00015513516951830454,0.00954456215883528,0.17999919436766398,0.048171500630517027,0.9881183505474878,0.5552325581395349,0.08865165931770713,0.10884770082939561,0.6184110970996217,0.6038673604100334,0.32463921620548125,0.425768362562945,0.18961910581418484
2,RF,NONE,UNCAL,0.6588127790920418,0.3752872697164197,0.16987995256701716,0.05621826344327108,0.5182705855055458,0.019327712569302286,0.02100723445370981,0.3972935105854991,1.371867013159407,-0.006955492539818255,0.9948748472799238,0.236636142766684,0.23542334639591497,-2.868526955563101,0.0041238805701365846,0.000725007969789544,0.00975698898876493,0.17999919436766398,0.006557377049180328,0.9988351324066165,0.6341463414634146,0.012980529206190713,0.04642590353930504,0.6242118537200504,0.5942377883047294,0.32142857142857145,0.4243463351907415,0.18604341807721902
2,RF,NONE,PRIOR,0.6588127790920418,0.3752872697164197,0.16987995256701716,0.05621826344327108,0.5182705855055458,0.019327712569302286,0.02100723445370981,0.3972935105854991,1.371867013159407,-0.006955492539818255,0.9948748472799238,0.236636142766684,0.23542334639591497,-2.868526955563101,0.0041238805701365846,0.000725007969789544,0.00975698898876493,0.17999919436766398,0.006557377049180328,0.9988351324066165,0.6341463414634146,0.012980529206190713,0.04642590353930504,0.6242118537200504,0.5942377883047294,0.32142857142857145,0.4243463351907415,0.18604341807721902
2,RF,NONE,PLATT,0.6588127790920418,0.3752872697164197,0.16909105853201928,0.06060102768978115,0.516240590721963,0.004708139946870217,0.00736316796516996,0.2778028492812301,0.9895696938292627,0.006736175214316977,1.0048532623174964,0.23428629355589425,0.23542334639591497,0.34255267406897383,0.7319350106890242,4.585316595533936e-05,0.010155555683198467,0.17999919436766398,0.04237074401008827,0.9902151122155781,0.5714285714285714,0.07889175862878611,0.10556298429694455,0.5977301387137453,0.6213403743107867,0.32707700800441625,0.4227990366604228,0.18772347478788187
2,RF,NONE,ISO,0.6571760789176004,0.3629443618689925,0.16946836504594662,0.05850487101238844,0.5171591636625901,0.01011859765708261,0.007640125183840896,0.125,0.9373585253238379,0.004749124806216758,1.0034007846241004,0.23462543582135084,0.23542334639591497,1.0013925180722023,0.31663707985611345,0.00016391666656558624,0.00987238538138738,0.17999919436766398,0.0733921815889029,0.979886619554244,0.5290909090909091,0.1289036544850498,0.1271788349407206,0.544766708701135,0.6759338355206959,0.3410705826622454,0.4194989318314236,0.19330670036100214
2,RF,CSL,UNCAL,0.6582660894459667,0.372376030242661,0.19082137172892177,-0.06012347461312384,0.5689035455416089,0.14604383970374932,0.1460438397037498,0.15203704152779102,1.3631599783874824,-0.7218348613241345,0.6171522872072319,0.3814671860996649,0.23542334639591497,-33.07461160293297,6.889417928948659e-240,0.02153618725340211,0.010051850685077355,0.17999919436766398,0.22976040353089533,0.9079754601226994,0.43463740458015265,0.30061046032007915,0.17702851499032546,0.9795712484237075,0.06981439776345422,0.24486193418232252,0.3917889746305543,0.08950301675537972
2,RF,CSL,PRIOR,0.6582660894459667,0.372376030242661,0.1760954742250233,0.021687433081255092,0.5351969188398548,0.07026992191370902,0.0702699219137088,0.47543389950921733,1.3633583614613487,0.45599850873359454,1.4254826815370083,0.16515342448220613,0.23542334639591497,22.830922649602382,2.261333324365918e-115,0.006426005145069746,0.008609651364466593,0.17999919436766398,0.00025220680958385876,1.0,1.0,0.0005042864346949068,0.013886788275402764,0.22976040353089533,0.9079754601226994,0.43463740458015265,0.30061046032007915,0.17702851499032546
2,RF,CSL,PLATT,0.6582660894459667,0.372376030242661,0.16928344673711238,0.05953219954642408,0.5165976015353015,0.004958662870955297,0.007201641077904401,0.10645512876365004,0.9560780447457373,0.007302951846876781,1.0052419050007166,0.2341957147078415,0.23542334639591497,0.896412091660072,0.3700327116869424,6.21228754853311e-05,0.010195807370303487,0.17999919436766398,0.0532156368221942,0.9874194299914576,0.5656836461126006,0.09727985246657446,0.11714989162474533,0.5967213114754099,0.627553001475499,0.3303546495392348,0.4252718612384291,0.19246583207801235
2,RF,CSL,ISO,0.657275770822608,0.3624139042218391,0.16970109346110274,0.057211929588264265,0.5193559671940504,0.01100822589547494,0.00772239347200595,0.4,0.8708121781155406,0.0084241416463973,1.006024708803857,0.2340134833028391,0.23542334639591497,1.64083475548181,0.10083172153030591,0.0003370051632827211,0.009776153944958971,0.17999919436766398,0.03530895334174023,0.9921565582045507,0.5809128630705395,0.06657156443176415,0.09811626099260073,0.6363177805800757,0.5853847945950144,0.3209107097430679,0.42665088357148895,0.18853630582183165
2,RF,ROS,UNCAL,0.6652003469434982,0.3821353742539192,0.2016631006219426,-0.12035557126323249,0.5924273091492591,0.18188228861475533,0.18188228861475486,0.19379422089247822,1.4283368425451428,-0.8780409466386182,0.5641508924026283,0.41730563501067003,0.23542334639591497,-33.653031769428424,2.815257925520482e-248,0.03342167131123808,0.011211003720427245,0.17999919436766398,0.3563682219419924,0.8376951153218918,0.4033685412503568,0.37841456882699515,0.20285734368254085,0.9901639344262295,0.03145142502135591,0.23941944139529212,0.3856013357560281,0.05724063981591895
2,RF,ROS,PRIOR,0.6652003469434982,0.3821353742539192,0.1723278579567551,0.042618728214168455,0.5238501675750993,0.0492077065768743,0.04878590681279931,0.3259184745057855,1.4308968057938594,0.2997924234191109,1.2576978181509435,0.18718593846495843,0.23542334639591497,13.648005367151848,2.0748015848125858e-42,0.003940603636527764,0.010133989633324977,0.17999919436766398,0.00201765447667087,0.9998446843208821,0.8,0.004025157232704402,0.032435438479306584,0.3563682219419924,0.8376951153218918,0.4033685412503568,0.37841456882699515,0.20285734368254085
2,RF,ROS,PLATT,0.6652003469434982,0.3821353742539192,0.1681841570415898,0.06563939184393741,0.5137127398792158,0.002699116692474872,0.004146467243109699,0.18284194442559354,1.0143695422613366,0.005962210144793469,1.0042814904377397,0.23441968077426195,0.23542334639591497,0.05057485043327182,0.959664303618467,4.620463022747138e-05,0.011215517645967052,0.17999919436766398,0.05145018915510719,0.98796303486837,0.5682451253481894,0.09435707678075855,0.11577253741082742,0.6163934426229508,0.621883979187699,0.33419937098318064,0.43341017910977125,0.2039578314838922
2,RF,ROS,ISO,0.6641933020162346,0.37066074871430676,0.16864514087906413,0.06307835906707415,0.5162100002303678,0.004840687841866594,0.010061371926070851,0.2888888888888892,0.9339302358713972,0.00715950226188889,1.0051215586350573,0.2342237556973875,0.23542334639591497,0.8396716723952412,0.40109250112923,0.000245004340690308,0.010874420237215512,0.17999919436766398,0.07414880201765447,0.980740855789392,0.5424354243542435,0.13046372309740403,0.1319550518009712,0.5931904161412358,0.6439388056224276,0.33905146316851664,0.4314804623004953,0.20440943248825166
2,RF,RUS,UNCAL,0.6590758364547442,0.3695427603327095,0.2319903571897341,-0.2888410837445259,0.6562539706101544,0.2496208767049835,0.2496208767049835,0.2656099885957278,1.4463531486773997,-1.159070176340151,0.48536470528573306,0.4850442231008985,0.23542334639591497,-11.194523560124923,4.337275131623326e-29,0.06263850589791965,0.009806718480724445,0.17999919436766398,0.6050441361916772,0.6282519220315291,0.33384358474812137,0.4302753116312439,0.20012166599949124,1.0,0.0035722606197095596,0.23606811145510836,0.38196618659987475,0.029039573311608606
2,RF,RUS,PRIOR,0.6590758364547442,0.3695427603327095,0.170319650063715,0.05377548864422932,0.5191928621635984,0.018582691116609786,0.025742447859419922,0.06569905853154306,1.4471127462242432,0.018763193717577953,1.014052909233363,0.23216081158319246,0.23542334639591497,-1.6206826528357827,0.10508571585207446,0.0007288940427271572,0.008692689109829706,0.17999919436766398,0.002269861286254729,0.9994563951230877,0.5625,0.00452147701582517,0.02377299035255628,0.6050441361916772,0.6282519220315291,0.33384358474812137,0.4302753116312439,0.20012166599949124
2,RF,RUS,PLATT,0.6590758364547442,0.3695427603327095,0.16931332819403333,0.059366190709727595,0.5165261678767328,0.002602073769164684,0.005109710933946986,0.09960324171033463,0.9836423773058692,0.0069945724513153455,1.005037481674203,0.23424334981392345,0.23542334639591497,0.5419152632302111,0.587876881555677,4.045481122415501e-05,0.009851803424824328,0.17999919436766398,0.03984867591424968,0.9885066397452823,0.5163398692810458,0.07398735659096231,0.09007151859609888,0.6012610340479193,0.6314358934534441,0.3343618513323983,0.4297431275349256,0.19981150494195937
2,RF,RUS,ISO,0.658234615007588,0.3594195440514812,0.16990736390909209,0.056065977528224065,0.5206700959492078,0.006265303121200753,0.014969907326308528,0.4702380952380951,0.8710723502773516,0.006634522029034075,1.0047532658633274,0.23430961052276758,0.23542334639591497,1.402872684354279,0.16065480767217577,0.0004098741019870341,0.009946501399074997,0.17999919436766398,0.04741488020176545,0.9853226683233672,0.4986737400530504,0.08659603869184708,0.09389091170952497,0.610592686002522,0.621883979187699,0.33209876543209876,0.4302087960906264,0.19906613746340437
2,RF,SMOTE,UNCAL,0.6520677403556651,0.36297098428750807,0.17519290835370196,0.026701710354828267,0.5330756459019004,0.06783275224718599,0.06783275224718593,0.14135455759715898,1.4136944557599842,-0.35687668981495657,0.7763185883129838,0.3032560986431008,0.23542334639591497,-20.79182167770225,5.132503404380204e-96,0.004926145630584537,0.008760101819149085,0.17999919436766398,0.0416141235813367,0.9888172711035179,0.5339805825242718,0.0772110435189518,0.09620457554391923,0.8968474148802018,0.23639046361730218,0.2655911569198596,0.4098190618877492,0.14001813628500545
2,RF,SMOTE,PRIOR,0.6520677403556651,0.36297098428750807,0.18637674835538134,-0.03543101206863497,0.5721054452608696,0.11420212973607287,0.11411864728344902,0.4700169860783856,1.4147786205463726,0.8209566802427725,1.9407603177651476,0.12130469911246593,0.23542334639591497,44.38666574035217,0.0,0.015441923743245298,0.007385995177824599,0.17999919436766398,0.0005044136191677175,1.0,1.0,0.001008318628686665,0.01963946741048796,0.0416141235813367,0.9888172711035179,0.5339805825242718,0.0772110435189518,0.09620457554391923
2,RF,SMOTE,PLATT,0.6520677403556651,0.36297098428750807,0.17026543082560838,0.05407670798130704,0.5191552862892219,0.006398368647845982,0.008045743726131229,0.1436744257385737,0.9766974706515604,0.007995773732054982,1.0057914890332171,0.23406774561416072,0.23542334639591497,0.6362069856916345,0.5246415205835053,0.0001114222394516471,0.008945932859686208,0.17999919436766398,0.03833543505674653,0.9893608759804302,0.5259515570934256,0.07146215326751293,0.09048229188278109,0.6058007566204288,0.6190882969635785,0.32872587929382785,0.4261887863733144,0.19251623429449793
2,RF,SMOTE,ISO,0.6506589703471423,0.3487527245864748,0.17057866086193946,0.05233653332759891,0.5217935886256397,0.006257504749304862,0.0074287160535345675,0.20333157249162115,0.8818279192418113,0.007813228606722615,1.0056337248902878,0.23410446623754497,0.23542334639591497,1.2767384504334007,0.20169460180933585,0.00019989089947472754,0.008716584056766544,0.17999919436766398,0.01614123581336696,0.9963500815407316,0.5765765765765766,0.031403336604514234,0.0654959953952316,0.5132408575031526,0.696746136522482,0.3425925925925926,0.41090358404846045,0.18645542719927366
2,HGB,NONE,UNCAL,0.6755476518002663,0.39749851976007833,0.16647566527918556,0.07513105521003494,0.508559020808266,0.00662649450388202,0.010703880866867539,0.2708358640838805,1.0581101096090197,0.005993309408154322,1.0042813238033281,0.23441971967012176,0.23542334639591497,-0.457475095800423,0.6473295986560905,0.00012731806297716538,0.012907845587834903,0.17999919436766398,0.06380832282471627,0.9875747456705755,0.612590799031477,0.11557788944723618,0.14095107385506137,0.6123581336696091,0.6281742641919702,0.33647450110864746,0.43430820141311155,0.20622026163047924
2,HGB,NONE,PRIOR,0.6755476518002663,0.39749851976007833,0.16647566527918556,0.07513105521003494,0.508559020808266,0.00662649450388202,0.010703880866867539,0.2708358640838805,1.0581101096090197,0.005993309408154322,1.0042813238033281,0.23441971967012176,0.23542334639591497,-0.457475095800423,0.6473295986560905,0.00012731806297716538,0.012907845587834903,0.17999919436766398,0.06380832282471627,0.9875747456705755,0.612590799031477,0.11557788944723618,0.14095107385506137,0.6123581336696091,0.6281742641919702,0.33647450110864746,0.43430820141311155,0.20622026163047924
2,HGB,NONE,PLATT,0.6755476518002663,0.39749851976007833,0.16645087967504013,0.07526875362687868,0.5084697494275466,0.008003044148060127,0.008785639881725791,0.22248485560157805,1.0094895115045412,0.012053181712668191,1.0085788913368565,0.23342085425153486,0.23542334639591497,0.4761521989611372,0.6339659513471052,0.00013120465806410513,0.012879023006298668,0.17999919436766398,0.07263556116015132,0.9852450104838083,0.602510460251046,0.12964213369345035,0.147877830898947,0.6050441361916772,0.633920944319329,0.3372697877126388,0.43311066979599205,0.20525931755426932
2,HGB,NONE,ISO,0.674656271027231,0.38526394289263116,0.16658059106420342,0.0745481315742712,0.5089192210067637,0.010472441093590823,0.010230298151378778,0.19927685688821883,0.9712146702763671,0.01423817606649501,1.010105048881934,0.2330681810337455,0.23542334639591497,1.0523176401412064,0.2926538410407714,0.00014467346258960145,0.01308105967030901,0.17999919436766398,0.07667087011349306,0.9843131164091015,0.6007905138339921,0.13598747483784387,0.15156420075002683,0.6406052963430012,0.599363205715617,0.3299129757111313,0.4355281207133059,0.20437212683577283
2,HGB,CSL,UNCAL,0.67692955004186,0.39452898528374064,0.22012786301542547,-0.22293804349434443,0.6293368206459825,0.22730003731188061,0.22729158764808982,0.26995115292897054,1.0738106090173105,-1.1151178763568745,0.5087870070204517,0.46271493404400493,0.23542334639591497,-6.758302191510969,1.3961809556770798e-11,0.05351421324838465,0.013000534977800899,0.17999919436766398,0.6075662042875157,0.6415314125961016,0.34291814946619215,0.4383985441310282,0.21433147688690518,0.9813366960907944,0.07719189252155005,0.24667173830353747,0.3942448958913826,0.10189208530614645
2,HGB,CSL,PRIOR,0.67692955004186,0.39452898528374064,0.16680674140749308,0.07329173515734488,0.5091794451632399,0.010757594817164127,0.01254608295327306,0.29840156637099036,1.07456499538275,0.0627154937008546,1.0462261477735024,0.22502147064181555,0.23542334639591497,2.081603286812629,0.03737872094817088,0.00033670000280606267,0.012986716994322236,0.17999919436766398,0.03631778058007566,0.9940203463539644,0.6515837104072398,0.06880076445293838,0.11310791483516722,0.6075662042875157,0.6415314125961016,0.34291814946619215,0.4383985441310282,0.21433147688690518
2,HGB,CSL,PLATT,0.67692955004186,0.39452898528374064,0.1666005315140237,0.07443735080188019,0.5087208908264795,0.005170592124659527,0.006833829569330736,0.2748218432171581,1.0214012573493587,0.012282953949712488,1.0087767265777412,0.2333750771536779,0.23542334639591497,0.19594604581240663,0.8446523964348411,7.523590946221071e-05,0.012729941343939458,0.17999919436766398,0.05271122320302648,0.9885842975848412,0.5870786516853933,0.0967368664660958,0.12180054860288825,0.6335435056746532,0.6137299060340141,0.3355597114613946,0.43873897476202955,0.21112338804281294
2,HGB,CSL,ISO,0.6760544940630925,0.384057985308824,0.1667078604303641,0.07384107637681814,0.5090607123100505,0.008425895147959531,0.007093900571287864,0.0357142857142857,0.9852246004805271,0.012049081783382553,1.0085574054946536,0.2334258269418487,0.23542334639591497,0.8501277494750261,0.395254065255091,0.00019182283580723475,0.013232743586760281,0.17999919436766398,0.0935687263556116,0.9789547254795372,0.5778816199376947,0.16105925765140003,0.1606876091602984,0.6373266078184111,0.6111671973285703,0.33541279532784707,0.4395164796938864,0.21203302769971538
2,HGB,ROS,UNCAL,0.6717002885287424,0.3901477755017109,0.21189586457555715,-0.17720451422551387,0.6106704714335554,0.20275666097059886,0.20270580523931964,0.2814096776617185,0.8929724107386781,-1.0314639866647954,0.5373377816044459,0.43812915163523486,0.23542334639591497,-6.329061583755968,2.466566596131194e-10,0.04469095874364354,0.012472227042273113,0.17999919436766398,0.544766708701135,0.6861070125029122,0.34827475008061914,0.4249041015048687,0.20307981152311536,0.9548549810844893,0.1449871864564728,0.25587996755879966,0.40360321944459243,0.12966356812683164
2,HGB,ROS,PRIOR,0.6717002885287424,0.3901477755017109,0.1677427824581515,0.06809148383322061,0.5127668566353291,0.024138575182737126,0.023312159589035725,0.18824122823607614,0.8933403947730425,0.14636938339293368,1.109905375289144,0.21211118680687924,0.23542334639591497,8.491999874686401,2.0311123211125983e-17,0.0007280494485251694,0.012374679823633345,0.17999919436766398,0.05472887767969735,0.9895161916595481,0.6164772727272727,0.1005327773917072,0.13122366529643412,0.544766708701135,0.6861070125029122,0.34827475008061914,0.4249041015048687,0.20307981152311536
2,HGB,ROS,PLATT,0.6717002885287424,0.3901477755017109,0.1672333382606711,0.0709217420368019,0.5106197153232462,0.0067900035301751505,0.009069543507739019,0.2664428907065072,1.0170218748160134,0.00413032021475736,1.0029499652705778,0.2347308983977102,0.23542334639591497,-0.15819074378929285,0.874306497304755,0.00021825854500611455,0.012644789202114983,0.17999919436766398,0.0532156368221942,0.9898268230177837,0.6169590643274854,0.09798003250522405,0.12947055254824824,0.6395964691046658,0.6058864642385648,0.3332019445539351,0.43814789219073946,0.20926905413478686
2,HGB,ROS,ISO,0.670899834999125,0.3799883718447383,0.16725554798543174,0.07079835412500712,0.5124847490620354,0.0033980630997405732,0.004920809043265919,0.05156386701662474,0.9552634602906501,0.005267535864686273,1.0037415286084603,0.23454578662526274,0.23542334639591497,0.5270726375888007,0.5981431473139126,3.245686190973115e-05,0.012266400794892957,0.17999919436766398,0.10844892812105927,0.9729750718335016,0.5526992287917738,0.18131983976386257,0.16457532853661508,0.6640605296343002,0.57932748310942,0.3270807453416149,0.4382854764877237,0.20672183360742755
2,HGB,RUS,UNCAL,0.6724456177230662,0.38800631460347346,0.22750197833029673,-0.26390553407975204,0.6457621498539577,0.24038159384819643,0.24037070861735327,0.28987297797028166,0.9823176104199098,-1.1824574329859896,0.4948009415320451,0.4757940550132686,0.23542334639591497,1.4518479596623544,0.14654388518696737,0.06011402446242508,0.012301217038824589,0.17999919436766398,0.6305170239596469,0.6159043255416634,0.335750738651625,0.43817369205152923,0.210510738731943,0.9833543505674653,0.06624213714374466,0.24486591722665327,0.3920957361222848,0.09264237121508705
2,HGB,RUS,PRIOR,0.6724456177230662,0.38800631460347346,0.1672997397740757,0.07055284308972776,0.5107317561283419,0.0038437172891462234,0.0054389580031888604,0.26779106253954366,0.9822257080254144,-0.0046240629282606445,0.996728778063173,0.2361959959191564,0.23542334639591497,0.017985183859091747,0.9856506730683694,4.2962698207039656e-05,0.012254788434948706,0.17999919436766398,0.06330390920554856,0.9858662732002795,0.5796766743648961,0.11414279217826287,0.1318092100877979,0.6305170239596469,0.6159043255416634,0.335750738651625,0.43817369205152923,0.210510738731943
2,HGB,RUS,PLATT,0.6724456177230662,0.38800631460347346,0.16729981108725656,0.07055244690361717,0.5107328098870585,0.001768899031382429,0.00615116352489436,0.2627058801810983,1.0155095931195655,0.007980429390939896,1.0057054519391728,0.23408776987534305,0.23542334639591497,0.15610010382558406,0.875954116525576,3.4465014577933054e-05,0.012215630812334902,0.17999919436766398,0.0532156368221942,0.9884289819057234,0.5861111111111111,0.09757225433526011,0.12216073264811282,0.6244640605296343,0.6218063213481401,0.337054179145113,0.43780390770046856,0.21069067403454222
2,HGB,RUS,ISO,0.6718976256189002,0.376132157279705,0.16749828224327112,0.06944982443728487,0.5111313508248438,0.007385293672194135,0.007751793184118629,0.051120101148162345,0.9785536769820457,0.008072957973649826,1.0057445202443716,0.23407867669884275,0.23542334639591497,0.7615433219855763,0.44633261333917074,0.00017580739997091803,0.011730079822374062,0.17999919436766398,0.11702395964691047,0.9645103673215811,0.503800217155266,0.18993041342611544,0.15214386616923012,0.5765447667087011,0.6666148947736273,0.34746922024623805,0.4336115326251897,0.2114478950482206
2,HGB,SMOTE,UNCAL,0.6743202955972706,0.3904361825507811,0.16704999764272466,0.07194030558224807,0.509884779910726,0.006613958281139374,0.010412301640000845,0.14754925199404179,0.9885799313395081,-0.03619067238462908,0.9748367529079006,0.2415002775527863,0.23542334639591497,-1.392198492448695,0.16386229917463058,0.00012935193221618894,0.012235908175505754,0.17999919436766398,0.08297604035308953,0.9786440941213016,0.5447019867549668,0.14401400744145326,0.14059401957959924,0.6390920554854981,0.6057311485594471,0.3329391669951386,0.4378023496890117,0.20870664873919798
2,HGB,SMOTE,PRIOR,0.6743202955972706,0.3904361825507811,0.1897336045947859,-0.054080296831924946,0.5990990090684558,0.14028559936992618,0.140285599369926,0.4872766525260197,0.9889576115600419,1.1416426976731,2.4745524647709387,0.09513774702598894,0.23542334639591497,63.701628840972724,0.0,0.021791044266350448,0.010155985443678588,0.17999919436766398,0.0007566204287515763,1.0,1.0,0.0015120967741935481,0.024054051192379352,0.08297604035308953,0.9786440941213016,0.5447019867549668,0.14401400744145326,0.14059401957959924
2,HGB,SMOTE,PLATT,0.6743202955972706,0.3904361825507811,0.1670030034396422,0.07220138565628309,0.5097974723811554,0.004946710772620734,0.007853928045122544,0.16598691106422947,1.0220007037304601,0.011779773000610524,1.008419086360659,0.23345784464031485,0.23542334639591497,0.37116913608617536,0.7105115596167034,5.6369654836314725e-05,0.012331200268287892,0.17999919436766398,0.0648171500630517,0.9847790634464549,0.5673289183222958,0.11634223630602084,0.13006251151400916,0.6095838587641866,0.6316688669721209,0.33756983240223465,0.4345168539325842,0.20704374863304773
2,HGB,SMOTE,ISO,0.6738888294241148,0.3799551568491021,0.1670140794624761,0.07213985192080474,0.5097239774242656,0.007877061755767002,0.01053481217045445,0.1670917438943582,0.992172327250387,0.011283890459973026,1.0080405765845855,0.2335455058699816,0.23542334639591497,0.635335279285089,0.525209769092863,9.857558340295736e-05,0.012495718283397093,0.17999919436766398,0.07313997477931904,0.982371670420129,0.5609284332688588,0.12940651494868363,0.13653411382067174,0.6650693568726356,0.5810359555797158,0.3283117529880478,0.43960990247561893,0.20904997891975136
3,LR,NONE,UNCAL,0.6575786912276455,0.3699225346056668,0.16965028756439343,0.057532913998251445,0.5176447687343096,0.008003447754860941,0.011750818822918715,0.2667158702767981,0.8841207171094175,-0.008487710122961107,0.9940072669057805,0.23685674482780955,0.23543732557449082,1.2785715622556397,0.2010479695018006,0.0002382642867276283,0.009683345761247715,0.18000659130082203,0.07112232030264817,0.9809723516620068,0.5351043643263758,0.12555654496883348,0.1269462425727986,0.6065573770491803,0.622941907424666,0.331267217630854,0.4285077951002227,0.19661637520704417
3,LR,NONE,PRIOR,0.6575786912276455,0.3699225346056668,0.16965028756439343,0.057532913998251445,0.5176447687343096,0.008003447754860941,0.011750818822918715,0.2667158702767981,0.8841207171094175,-0.008487710122961107,0.9940072669057805,0.23685674482780955,0.23543732557449082,1.2785715622556397,0.2010479695018006,0.0002382642867276283,0.009683345761247715,0.18000659130082203,0.07112232030264817,0.9809723516620068,0.5351043643263758,0.12555654496883348,0.1269462425727986,0.6065573770491803,0.622941907424666,0.331267217630854,0.4285077951002227,0.19661637520704417
3,LR,NONE,PLATT,0.6575786912276455,0.3699225346056668,0.16954118986958353,0.058138990109251165,0.5173117760279212,0.004643050118415105,0.009747944209834429,0.2700444810730622,0.9394831719541227,-0.00854359583819781,0.9939189788475253,0.23687778439192947,0.23543732557449082,0.36700154349594827,0.7136178666789147,0.00014882916486991596,0.009535077722333682,0.18000659130082203,0.05952080706179067,0.9842342342342343,0.5375854214123007,0.10717529518619438,0.11650901053892963,0.610844892812106,0.619291705498602,0.3306936100491535,0.42909026485959784,0.196957973332215
3,LR,NONE,ISO,0.6567712514009857,0.3585326115394175,0.1697311240802267,0.0570838386880137,0.5180631557394261,0.006529206131123092,0.008880881798178912,0.08078048029556495,0.899075958903866,-0.008622310205258544,0.993884387253319,0.2368860287916799,0.23543732557449082,0.8453723422887259,0.39790298162077564,0.00013632788456905434,0.009559727376258115,0.18000659130082203,0.04438839848675914,0.9881950916433675,0.5365853658536586,0.08199394362916375,0.1000367948872339,0.5962168978562421,0.6310966138552345,0.3323025021085184,0.4267533170863796,0.1952499551557714
3,LR,CSL,UNCAL,0.6578638831465288,0.36980565518568975,0.2307081586434172,-0.28166506001918634,0.6538616912762055,0.2416394572073235,0.24163945720732294,0.33686453409249073,0.8718463464354469,-1.186970805811544,0.49349986013082847,0.477076782781814,0.23543732557449082,3.903358248701439,9.486712111334597e-05,0.0611085871148476,0.010160245965005477,0.18000659130082203,0.6078184110970997,0.6237962100031066,0.33223049352081613,0.4296283091184598,0.1984485418127976,0.9810844892812106,0.06135445790618205,0.24349023535302955,0.39015094528860134,0.08157077746960595
3,LR,CSL,PRIOR,0.6578638831465288,0.36980565518568975,0.16967583714030302,0.057390977107357966,0.5177383882834423,0.009432112486822084,0.013623213339074947,0.2541382551295823,0.8721633721370138,-0.009111547461793459,0.9935809212488593,0.23695838007694747,0.23543732557449082,1.4627322499361934,0.14354065793955426,0.0002885498731589585,0.009878513784248848,0.18000659130082203,0.07440100882723834,0.9805840323081703,0.5412844036697247,0.13082039911308205,0.13183109973996154,0.6078184110970997,0.6237962100031066,0.33223049352081613,0.4296283091184598,0.1984485418127976
3,LR,CSL,PLATT,0.6578638831465288,0.36980565518568975,0.16952758055027103,0.058214594670251585,0.5172834387629069,0.005050289122910029,0.010872649956661264,0.22417333839118447,0.942881203390285,-0.008605040515285448,0.9938725686480908,0.2368888457146403,0.23543732557449082,0.30718335839127436,0.7587038116566966,0.0001298358947251955,0.00949440502517605,0.18000659130082203,0.05851197982345523,0.9845448897173035,0.5382830626450116,0.10555050045495905,0.11568088577636557,0.6126103404791929,0.6196800248524387,0.33155883155883153,0.430254184748915,0.19879498459606318
3,LR,CSL,ISO,0.657181851373485,0.3593753318239836,0.16956536456953294,0.058004691138448305,0.5183168524866323,0.007388328762012963,0.00946359961275952,0.0583441655834428,0.8963456567054201,-0.00812004712345815,0.9942356036648619,0.2368023481623902,0.23543732557449082,0.7032731305648153,0.48188555222309415,0.00010561046201240502,0.009610986338404235,0.18000659130082203,0.044640605296343,0.9885834109972041,0.5462962962962963,0.08253672184658428,0.1026186085147237,0.6252206809583859,0.6055452003727866,0.32799682455676105,0.43026989499262347,0.19685029036403995
3,LR,ROS,UNCAL,0.6566332682641332,0.36925525981065743,0.23062124671450335,-0.2811822336499641,0.6536242237514732,0.2408760805353939,0.24087608053539314,0.3425374999902069,0.8603279579089955,-1.1852948640630505,0.4942907811420622,0.47631340610988393,0.23543732557449082,4.17413670292249,2.9911811790320226e-05,0.06090105839159306,0.010236335702586545,0.18000659130082203,0.6012610340479193,0.627058092575334,0.33175619259671585,0.4275849699578513,0.19585498451528546,0.9810844892812106,0.06337371854613234,0.2438871473354232,0.39066030630178256,0.08426453641073493
3,LR,ROS,PRIOR,0.6566332682641332,0.36925525981065743,0.16980756939046437,0.05665915807112487,0.5181070832749624,0.010328399062905615,0.012728284869111322,0.2075829655728204,0.8607058503376441,-0.00743560571329992,0.994763523344475,0.23667667747097482,0.23543732557449082,1.743568202452568,0.08123441196949169,0.00028824326564726963,0.009711208281734246,0.18000659130082203,0.0746532156368222,0.9799627213420317,0.5342960288808665,0.13100243416685106,0.12991402490743703,0.6012610340479193,0.627058092575334,0.33175619259671585,0.4275849699578513,0.19585498451528546
3,LR,ROS,PLATT,0.6566332682641332,0.36925525981065743,0.16962750887274372,0.057659457651376034,0.5175523368222366,0.00611729099399495,0.00928911551340015,0.16878280339027807,0.9391336170359912,-0.008560762833638104,0.9939029504850646,0.23688160444597525,0.23543732557449082,0.35313459752433884,0.7239875365511521,0.00013553526398389979,0.009574110844078085,0.18000659130082203,0.05573770491803279,0.9843895619757689,0.523696682464455,0.10075222247549578,0.10892362428227025,0.6078184110970997,0.6204566635601119,0.33027271481430726,0.42798792399218616,0.19544887944633388
3,LR,ROS,ISO,0.6559382500733547,0.36166775578987626,0.16971327648513168,0.057182988363400744,0.5184938082874333,0.008094635372429264,0.011225605840928075,0.03638498948883978,0.8946971688236138,-0.008818239187016741,0.9937425572284506,0.2369198379016049,0.23543732557449082,0.7686023635849747,0.4421294019460784,0.0001363737648862848,0.009468616066087378,0.18000659130082203,0.046153846153846156,0.987340789064927,0.5289017341040463,0.0848990953375087,0.10017817666423248,0.5760403530895334,0.6532308170239205,0.3384205067417395,0.4263580362142991,0.19849665487329174
3,LR,RUS,UNCAL,0.6547532345582092,0.3683596906593858,0.2322924435296596,-0.29046632043300513,0.6571730261063036,0.243067195656501,0.24306719565650078,0.3106939735203457,0.8383211210380155,-1.1977756976398608,0.49202737932090845,0.4785045212309917,0.23543732557449082,6.266844657840547,3.684373689233419e-10,0.06242318279768451,0.009992075520377829,0.18000659130082203,0.6055485498108449,0.6136222429325877,0.32551518438177873,0.4234194515474826,0.18742347901989953,0.9760403530895334,0.06446101273687481,0.243151545614476,0.3893164327750113,0.0754212832472736
3,LR,RUS,PRIOR,0.6547532345582092,0.3683596906593858,0.17011545832890645,0.05494872660182637,0.5189987346790214,0.011550397152562406,0.01352318749030423,0.27192395567931427,0.8389453825602313,-0.01991643929011036,0.9860828721509939,0.23876018154632292,0.23543732557449082,1.5498798886118577,0.12117034758311779,0.00036343131824792167,0.009648424335855471,0.18000659130082203,0.0764186633039092,0.9788754271512892,0.5269565217391304,0.13348017621145372,0.12918630960465943,0.6055485498108449,0.6136222429325877,0.32551518438177873,0.4234194515474826,0.18742347901989953
3,LR,RUS,PLATT,0.6547532345582092,0.3683596906593858,0.16981367045410087,0.05662526451427008,0.5181171144920248,0.004972556305273177,0.008512474630155913,0.1862141877932495,0.9521018964243669,-0.005613746856869094,0.995983210288446,0.2363868418086144,0.23543732557449082,0.2728308176887027,0.7849832688437769,9.939050771566444e-05,0.009532561356881667,0.18000659130082203,0.05296343001261034,0.9857875116495806,0.5343511450381679,0.09637448370812299,0.10890341948174379,0.6045397225725094,0.6150201926063995,0.32594506391079686,0.4235356480254439,0.1878187176818959
3,LR,RUS,ISO,0.6542406823921804,0.35850412812542903,0.1700014171881262,0.055582265295916033,0.5192712748278604,0.00786969614661619,0.00915933682339416,0.02941538553990075,0.8990607404608478,-0.00663397229124975,0.9952753040722625,0.23655497590583918,0.23543732557449082,0.7759965890582963,0.43775099984117216,0.000112072734404904,0.009518563509434896,0.18000659130082203,0.04741488020176545,0.9877291084187636,0.5433526011560693,0.08721874275110185,0.10511118206595264,0.5702395964691047,0.6529201615408512,0.3359583952451709,0.42281439925198694,0.19329622580835484
3,LR,SMOTE,UNCAL,0.6427692585832777,0.3600842132834545,0.23263128257143093,-0.29234869062468927,0.6577257987924715,0.23624494362992662,0.23581851716744084,0.3307580394635808,0.7132808508694412,-1.1815865640962435,0.49959555770095926,0.4712558427419315,0.23543732557449082,9.880847353470717,5.040486391167424e-23,0.061374752834823194,0.00864870813604334,0.18000659130082203,0.5891551071878941,0.6131562597079838,0.3192565258985923,0.41411097323169654,0.17316341549929526,0.9639344262295082,0.09568188878533707,0.24712272080693135,0.3933920024702795,0.09237125748525764
3,LR,SMOTE,PRIOR,0.6427692585832777,0.3600842132834545,0.17203821792440901,0.04426711999171462,0.5253028024487795,0.023781836523093135,0.02509859510567107,0.13292453542260196,0.7134998012620856,-0.003727305746493021,0.9974038189877217,0.23605015450355832,0.23543732557449082,4.646067220862275,3.3832280066139754e-06,0.0009902707348414413,0.008411209095002516,0.18000659130082203,0.08020176544766709,0.9760018639328985,0.507177033492823,0.13850174216027875,0.12594983020625788,0.5891551071878941,0.6131562597079838,0.3192565258985923,0.41411097323169654,0.17316341549929526
3,LR,SMOTE,PLATT,0.6427692585832777,0.3600842132834545,0.17111835921336674,0.04937725903937329,0.5220402555359672,0.004608233502149631,0.00765788431778965,0.0564730225690685,0.9391415815647285,-0.006464227905396966,0.9953378096405985,0.23654012064457164,0.23543732557449082,0.155460174382159,0.8764585484179673,5.310370530295363e-05,0.00839277780693591,0.18000659130082203,0.038083228247162676,0.9903696800248525,0.5490909090909091,0.07122641509433962,0.09524968940405434,0.6050441361916772,0.5929636533084809,0.31400523560209426,0.4134424816889272,0.1687447075514845
3,LR,SMOTE,ISO,0.6417010228909608,0.3503210223181859,0.17146000159957459,0.047479315282208834,0.5238358169211437,0.008634044724823693,0.009957372009255554,0.034413179514122316,0.8682331082680723,-0.006844905424205276,0.9950900756582702,0.23659900880706175,0.23543732557449082,0.8935204787709141,0.37157851032056144,0.00013816582628990937,0.008035695789965887,0.18000659130082203,0.06834804539722572,0.9808170239204722,0.5231660231660231,0.12090118224403301,0.12081027292652773,0.5319041614123581,0.6687635911773843,0.3308754314402259,0.4079698230002901,0.17553855739479557
3,RF,NONE,UNCAL,0.660566781722802,0.3796449627588552,0.16968419368988977,0.0573445535318301,0.517750320671228,0.020395590940234184,0.02392034358249361,0.22919477318448833,1.4296111237675886,-0.0060306815908311336,0.9955484259775119,0.23649007866525323,0.23543732557449082,-3.0760047344788233,0.0020979451383110618,0.0008746662120585152,0.009897868200545052,0.18000659130082203,0.006305170239596469,0.9993010251630942,0.7352941176470589,0.012503125781445362,0.052990223614023634,0.6274905422446406,0.5986331158744952,0.32497387669801464,0.42819034506496867,0.19267152718828895
3,RF,NONE,PRIOR,0.660566781722802,0.3796449627588552,0.16968419368988977,0.0573445535318301,0.517750320671228,0.020395590940234184,0.02392034358249361,0.22919477318448833,1.4296111237675886,-0.0060306815908311336,0.9955484259775119,0.23649007866525323,0.23543732557449082,-3.0760047344788233,0.0020979451383110618,0.0008746662120585152,0.009897868200545052,0.18000659130082203,0.006305170239596469,0.9993010251630942,0.7352941176470589,0.012503125781445362,0.052990223614023634,0.6274905422446406,0.5986331158744952,0.32497387669801464,0.42819034506496867,0.19267152718828895
3,RF,NONE,PLATT,0.660566781722802,0.3796449627588552,0.16871181087041726,0.06274648249701731,0.5151479194066221,0.005859055292311085,0.0058848120004791485,0.08006058708367447,0.9848093176242213,-0.005214337190453557,0.9962773069110364,0.23631706146601453,0.23543732557449082,-0.1279161610338794,0.8982153214582861,6.447165834801102e-05,0.010560413741676907,0.18000659130082203,0.05447667087011349,0.9877291084187636,0.5775401069518716,0.09956211108550356,0.121518096924038,0.6080706179066835,0.6193693693693694,0.32973194748358864,0.4275959918418019,0.19468708714992444
3,RF,NONE,ISO,0.6604401396656908,0.36973597356124654,0.16877411686807725,0.06240035074034245,0.5154413345939062,0.004249801079963971,0.012205924124063003,0.06742114697966695,0.9543424805511814,-0.006580047555260352,0.9953217692012709,0.23654393268563323,0.23543732557449082,0.20642563846648337,0.8364584454737052,3.423014425630413e-05,0.010702734801139098,0.18000659130082203,0.07616645649432535,0.9806616961789375,0.5480943738656987,0.1337466784765279,0.1355311978780915,0.5974779319041614,0.6293103448275862,0.3316998039764772,0.42657783379850545,0.19469700830445794
3,RF,CSL,UNCAL,0.6639515945479767,0.38093335037054593,0.19005781422735804,-0.05583808267186563,0.5673483593853689,0.14631152650026097,0.14614505539775247,0.8063377092358199,1.4624424558990703,-0.720992868469764,0.6170026115320478,0.3815823809722432,0.23543732557449082,-34.43582974015316,7.339045340648914e-260,0.021724018475545427,0.01085904395987304,0.18000659130082203,0.22849936948297603,0.9136377757067412,0.4489593657086224,0.3028580979441752,0.1856910760986752,0.9841109709962169,0.059878844361602984,0.243768351346286,0.39074704586420994,0.0860253050101136
3,RF,CSL,PRIOR,0.6639515945479767,0.38093335037054593,0.17574591261434763,0.023669570406752882,0.5337538207693472,0.07047319043265171,0.07047319043265181,0.4164588230487782,1.462934370733874,0.4568663898799866,1.4272031030990935,0.16496413514183897,0.23543732557449082,22.570007297398607,8.543186012994563e-113,0.006842812562607997,0.009188977285981514,0.18000659130082203,0.0005044136191677175,0.9999223361292326,0.6666666666666666,0.0010080645161290322,0.013566864067191072,0.22849936948297603,0.9136377757067412,0.4489593657086224,0.3028580979441752,0.1856910760986752
3,RF,CSL,PLATT,0.6639515945479767,0.38093335037054593,0.16839266088220892,0.06451947306309591,0.513971441875582,0.004935257349992947,0.005991207165794179,0.8273746510843961,0.9946874251117293,-0.0071824422150894495,0.9948857129839543,0.23664760937047247,0.23543732557449082,-0.2422543761710948,0.8085830634655179,0.00016609540000865934,0.011220076177214778,0.18000659130082203,0.05851197982345523,0.9855545200372786,0.5550239234449761,0.10586356376910792,0.12017281901975849,0.6131147540983607,0.6221652687169928,0.33319627192982454,0.4317556167303081,0.20144976004625204
3,RF,CSL,ISO,0.6637169086292884,0.37127206570589555,0.1684608526377547,0.06414064384882667,0.5148330525185125,0.004761832067623529,0.009607780098594173,0.33333333333333337,0.9529381891808862,-0.006189522644982351,0.9955992613928754,0.23647800345402673,0.23543732557449082,0.05123964581832176,0.9591345605266063,0.00011286065903094913,0.010946044022821708,0.18000659130082203,0.03379571248423707,0.9935538987263125,0.6175115207373272,0.06408417025346724,0.10288820837627925,0.6501891551071879,0.5829450139794967,0.32435832913940615,0.4328044992864938,0.19813670416483478
3,RF,ROS,UNCAL,0.6641039058365231,0.38231436715108413,0.20181067535085498,-0.12112936472195379,0.592798810154055,0.1821001323277556,0.18210013232775543,0.19099323944000252,1.4381818671796456,-0.878239099404843,0.5638711476506889,0.4175374579022463,0.23543732557449082,-33.96646108896764,6.971003792885408e-253,0.03344542671772394,0.010679426855348994,0.18000659130082203,0.3523329129886507,0.8361292326809568,0.3983461648132307,0.37392933618843677,0.19691921816754446,0.9926860025220681,0.028502640571606088,0.23934326543022194,0.38569328760411564,0.05932676856348421
3,RF,ROS,PRIOR,0.6641039058365231,0.38231436715108413,0.17242313225069533,0.0421287853701614,0.5241159262847498,0.04916124328127674,0.04982958346106738,0.6454644805120398,1.4406679159328846,0.2996201589449075,1.257695486655836,0.18719740038227348,0.23543732557449082,13.639461298379581,2.3327741825037365e-42,0.003975247200166354,0.010041324732723985,0.18000659130082203,0.00201765447667087,0.9999223361292326,0.8888888888888888,0.004026170105686965,0.03561415059673961,0.3523329129886507,0.8361292326809568,0.3983461648132307,0.37392933618843677,0.19691921816754446
3,RF,ROS,PLATT,0.6641039058365231,0.38231436715108413,0.16828397246175528,0.06512327551092967,0.5139263788049152,0.005187128488992676,0.008054759684258572,0.3483269496767636,0.9717602026320932,-0.010621419628003056,0.9924734076151441,0.2372228049316032,0.23543732557449082,-0.14279570803939834,0.886451526833241,9.754924370889978e-05,0.011088028265068599,0.18000659130082203,0.06330390920554856,0.9844672258465362,0.5565410199556541,0.11367753623188406,0.12554513627612163,0.6093316519546028,0.6244175209692451,0.33314947600661887,0.4307747169474904,0.20028416108788497
3,RF,ROS,ISO,0.663610617836169,0.3731684817536786,0.1685246788102523,0.06378606698563316,0.5155113364781078,0.0048186731202110155,0.009449201061876902,0.5,0.9126867704975218,-0.009980466005963164,0.9929455305532898,0.23711001090190745,0.23543732557449082,0.3342772493548247,0.7381703563878019,0.00012181896838847869,0.011113227621410251,0.18000659130082203,0.089281210592686,0.9739049394221808,0.5130434782608696,0.15209452201933404,0.1352414193907125,0.6302648171500631,0.6051568810189499,0.3295529473823025,0.4328022168340838,0.20076104689154556
3,RF,RUS,UNCAL,0.6607079380114993,0.3783038742108691,0.23154793024141063,-0.28633028695296026,0.6553410003967123,0.24962080280064244,0.24962080280064364,0.25981190238061813,1.504081425689391,-1.157675478095759,0.4853796108173002,0.4850581283751345,0.23543732557449082,-12.5455673996411,4.2039232558785325e-36,0.06266065991527112,0.010332440741658535,0.18000659130082203,0.5984867591424968,0.6311742777260019,0.33319292333614153,0.4280689095336881,0.1972366535269566,0.9997477931904162,0.0029512270891581234,0.23592429472681822,0.38175952231906385,0.023823492769065712
3,RF,RUS,PRIOR,0.6607079380114993,0.3783038742108691,0.17003427010258726,0.05539975578766054,0.5184688317161978,0.024892532404497562,0.02516900367066335,0.3893590780968037,1.504649031514715,0.0201837802539914,1.0151387614898861,0.23192624940155684,0.23543732557449082,-1.7919098537508908,0.07314740729022555,0.00108908782355043,0.009703774539993361,0.18000659130082203,0.005296343001261034,0.9996893445169307,0.84,0.010526315789473684,0.05494216659496208,0.5984867591424968,0.6311742777260019,0.33319292333614153,0.4280689095336881,0.1972366535269566
3,RF,RUS,PLATT,0.6607079380114993,0.3783038742108691,0.16884818957239583,0.06198885078479477,0.5151578296246692,0.004083298138219934,0.0069360620533534595,0.1756878852820396,0.9911530445394319,-0.004899929853967072,0.9965001636660304,0.23626421164682906,0.23543732557449082,-0.06143684444543437,0.9510113101421407,0.00015666828856089152,0.010595167372204938,0.18000659130082203,0.05624211853720051,0.9864864864864865,0.5617128463476071,0.10224667583677212,0.11949006761400026,0.6017654476670871,0.6267474370922647,0.33175750834260287,0.4277135430671328,0.19600031989488523
3,RF,RUS,ISO,0.6601229322116828,0.36823077528080983,0.16897921236791463,0.06126097301891986,0.5162861437358515,0.005112721242894819,0.008320147367847074,0.25,0.9394495995512289,-0.005569822623780776,0.99603574814252,0.2363743731222012,0.23543732557449082,0.320855076321287,0.7483202192500118,8.003172250906448e-05,0.010497676647245872,0.18000659130082203,0.04716267339218159,0.9895153774464119,0.5807453416149069,0.08724049451831117,0.11363144136211281,0.6194199243379571,0.6046132339235788,0.32542732211474756,0.4266851980542043,0.1911330860740547
3,RF,SMOTE,UNCAL,0.651269809183885,0.3691867968292506,0.17539212555785802,0.025634982083808433,0.5336598468567703,0.07164651274642539,0.07030306147766108,0.32481329583542173,1.4660679269853996,-0.3684386429199904,0.7700563469697284,0.3057403870521518,0.23543732557449082,-21.685892536488144,2.78796967566287e-104,0.0054106865621767536,0.008857819669119879,0.18000659130082203,0.04186633039092055,0.9906026716371544,0.578397212543554,0.07808090310442144,0.1064360126167319,0.9076923076923077,0.22468157812985398,0.264983065822412,0.41021257194962096,0.14216423560631067
3,RF,SMOTE,PRIOR,0.651269809183885,0.3691867968292506,0.186058620093404,-0.03362115103034191,0.570613943473943,0.11306892108481884,0.11300108978090757,0.5758538475795483,1.466800049473128,0.8094206154297602,1.9229382874153162,0.12243623579358325,0.23543732557449082,43.613672050520805,0.0,0.01508964431397852,0.007083287688452221,0.18000659130082203,0.00025220680958385876,0.9999223361292326,0.5,0.0005041593143433325,0.006795809833293162,0.04186633039092055,0.9906026716371544,0.578397212543554,0.07808090310442144,0.1064360126167319
3,RF,SMOTE,PLATT,0.651269809183885,0.3691867968292506,0.17000022691748587,0.05558887766845044,0.5184606232475065,0.005920020044594984,0.008538119548287404,0.34972517727298946,0.9864620667690356,-0.01090961835291039,0.9921733100747769,0.23729455648907413,0.23543732557449082,-0.4134761712453436,0.6792577772378113,7.880956134411393e-05,0.009454258288201288,0.18000659130082203,0.04363177805800757,0.9902143522833178,0.5785953177257525,0.08114446529080675,0.10874054366813547,0.6060529634300126,0.6040695868282075,0.32035728569524063,0.4191522762951334,0.17937079053017313
3,RF,SMOTE,ISO,0.6504632899630074,0.3570906979475485,0.17036215567012178,0.05357823600238465,0.5201386938638654,0.010839783673015557,0.01385837391162418,0.311414176636152,0.9215262486181287,-0.012678845656842103,0.9909437517644385,0.23758899045004286,0.23543732557449082,0.09129284730801715,0.9272599012778852,0.0002924502388693238,0.009184013379120115,0.18000659130082203,0.07011349306431273,0.9784871077974526,0.5009009009009009,0.12300884955752214,0.11550479446247146,0.6005044136191677,0.6092730661696178,0.3212358337830545,0.41856376900764697,0.17929592546583095
3,HGB,NONE,UNCAL,0.673482038589444,0.3907179402351886,0.16701588470294831,0.07216794954004768,0.5105413399230434,0.008779887798780204,0.005115082104236464,0.044692700009973385,1.0137422576777002,0.000985924363492951,1.0007011769674674,0.23527235801596827,0.23543732557449082,-0.16387209306741937,0.8698318365853777,0.0001314167870547996,0.012434857371741121,0.18000659130082203,0.07313997477931904,0.9846225535880708,0.5942622950819673,0.13024927015495172,0.14609980802393424,0.616141235813367,0.6323392357875116,0.34039292183363523,0.43852091186501524,0.21318390283328306
3,HGB,NONE,PRIOR,0.673482038589444,0.3907179402351886,0.16701588470294831,0.07216794954004768,0.5105413399230434,0.008779887798780204,0.005115082104236464,0.044692700009973385,1.0137422576777002,0.000985924363492951,1.0007011769674674,0.23527235801596827,0.23543732557449082,-0.16387209306741937,0.8698318365853777,0.0001314167870547996,0.012434857371741121,0.18000659130082203,0.07313997477931904,0.9846225535880708,0.5942622950819673,0.13024927015495172,0.14609980802393424,0.616141235813367,0.6323392357875116,0.34039292183363523,0.43852091186501524,0.21318390283328306
3,HGB,NONE,PLATT,0.673482038589444,0.3907179402351886,0.16704683749381238,0.07199599588745986,0.5106351012607857,0.004711844448739345,0.0061785327322972225,0.8145331393178709,0.9476047638840839,-0.00696590227958908,0.9951127653267468,0.23659361408873558,0.23543732557449082,0.4852045488053115,0.6275312556731358,0.00012029270120973767,0.012658843478622811,0.18000659130082203,0.08675914249684742,0.9801180490835664,0.5733333333333334,0.1507119386637459,0.15307635015187593,0.6168978562421186,0.6316402609506058,0.3402420364445681,0.43858705397166936,0.21318772023982854
3,HGB,NONE,ISO,0.6724176616064688,0.3789054341786495,0.1674234044283579,0.06990403396637546,0.5141440605356281,0.006690522146774906,0.011387720765448745,0.7177093899631364,0.8657022680700179,-0.005661480058617226,0.9960416585099381,0.2363729705107929,0.23543732557449082,1.2018106072860941,0.22943691482189776,0.00024615154075321446,0.012188272357692778,0.18000659130082203,0.110718789407314,0.9709537123330226,0.5399753997539976,0.1837588949351193,0.1616601580214456,0.6118537200504414,0.6379310344827587,0.3422686230248307,0.4389758436623541,0.2146579814969523
3,HGB,CSL,UNCAL,0.6709303054413287,0.38732687977498015,0.22114518812884548,-0.22853939142302715,0.6318028590520011,0.2265486049907437,0.22654860499074372,0.27427662137663167,0.9968802977245925,-1.1160897527751312,0.5096201204362132,0.46198593056523446,0.23543732557449082,-4.846697624272057,1.2553353457332998e-06,0.0536595099572496,0.012132862670732237,0.18000659130082203,0.5954602774274905,0.6470953712333023,0.34192614047791453,0.4344066237350506,0.20923572585589179,0.978562421185372,0.08356632494563529,0.24744897959183673,0.39501145329600407,0.10404363806738132
3,HGB,CSL,PRIOR,0.6709303054413287,0.38732687977498015,0.1675317648958643,0.06930205341264506,0.5119223286926105,0.010293288821009928,0.013504390497453719,0.7095614500619656,0.9968383223142294,0.06176950557461936,1.0453274421829881,0.22522830270562888,0.23543732557449082,2.842439261722174,0.004476976078198253,0.00024232781918568917,0.01223045999443487,0.18000659130082203,0.04791929382093316,0.9904473438956197,0.6070287539936102,0.08882655446470313,0.12052676504099462,0.5954602774274905,0.6470953712333023,0.34192614047791453,0.4344066237350506,0.20923572585589179
3,HGB,CSL,PLATT,0.6709303054413287,0.38732687977498015,0.16742764733912607,0.06988046310301144,0.5117070303024087,0.005137243425101421,0.009247567371279715,0.2268975950289419,0.9450732741997528,-0.004435209958245074,0.996870693099551,0.23617639399393922,0.23543732557449082,0.38664513284209767,0.6990189404279792,6.827853817610302e-05,0.012285608188815945,0.18000659130082203,0.06633039092055486,0.9848555452003728,0.574235807860262,0.11892380737056298,0.13351598853163654,0.6305170239596469,0.6098943771357564,0.3323142363418849,0.4352367688022284,0.20516829782551627
3,HGB,CSL,ISO,0.6701722061671185,0.3753571198591932,0.16781488156272026,0.06772924063501273,0.5155720621301897,0.007704839536555817,0.012214014836004346,0.37651821862348145,0.8580037122971473,-0.004524061808570208,0.9968277436796105,0.23618656991369064,0.23543732557449082,1.2502766492027857,0.21119850535902018,0.00031373429920812884,0.0123920872328277,0.18000659130082203,0.09609079445145019,0.976157191674433,0.5537790697674418,0.16376531270148292,0.15485206816175234,0.5404791929382093,0.6955576265921094,0.35345538512287644,0.42740327084164337,0.2086310578892567
3,HGB,ROS,UNCAL,0.6703688240573487,0.3827651982093039,0.2125465187010086,-0.18077075492089478,0.6122828188782444,0.20216403376002237,0.20216403376002282,0.9233684324498518,0.8579389729505157,-1.0316588437485597,0.5380178113078408,0.43760135933451333,0.23543732557449082,-5.05421630480188,4.32161606790707e-07,0.04484706912472529,0.012004800552215662,0.18000659130082203,0.5556116015132408,0.6894998446722584,0.3552652797935817,0.4334054692110958,0.2156125284688747,0.95359394703657,0.14725069897483692,0.25614795745545693,0.4038235608245221,0.13003952308572256
3,HGB,ROS,PRIOR,0.6703688240573487,0.3827651982093039,0.16829020237183914,0.06508866616668929,0.5145929124777482,0.02417285946332182,0.02324391181131347,0.8287987814630405,0.858274465076364,0.14620041460119074,1.1095411558685573,0.21219341376317735,0.23543732557449082,8.997329609230395,2.3127438319960443e-19,0.0007789871737710847,0.012119869783287603,0.18000659130082203,0.05220680958385877,0.9894377135756446,0.6034985422740525,0.09610027855153204,0.12508558495376795,0.5556116015132408,0.6894998446722584,0.3552652797935817,0.4334054692110958,0.2156125284688747
3,HGB,ROS,PLATT,0.6703688240573487,0.3827651982093039,0.16774286978574873,0.06812929141343771,0.5121165964601634,0.004951242489501932,0.009872282039075553,0.8020534544697578,0.9720623212685027,-0.003869297350829834,0.9972535733453555,0.2360857176823144,0.23543732557449082,0.01244405383301182,0.990071337823131,0.0001898222768922844,0.01175794984658378,0.18000659130082203,0.053972257250945774,0.9889717303510407,0.601123595505618,0.09905114556815553,0.12666160119820447,0.6511979823455233,0.6069431500465983,0.3378254612063326,0.4448656099241902,0.21998377897588148
3,HGB,ROS,ISO,0.6692172147796794,0.37262999798011587,0.168205201681838,0.06556087493075113,0.5175963045856631,0.005695356442635225,0.012099970197427978,0.4024389078605647,0.8479229615986235,-0.0037413815123184795,0.997361929446956,0.23606006869045265,0.23543732557449082,0.9986424437905455,0.3179679315240225,0.00034480537089007896,0.011396798585879003,0.18000659130082203,0.08877679697351828,0.9767785026405716,0.5407066052227343,0.15251299826689774,0.14427994490415832,0.5813366960907944,0.6676762969866418,0.35009113001215064,0.4370082472272253,0.21651051817326242
3,HGB,RUS,UNCAL,0.672733292278233,0.3859266216045081,0.22754171159929307,-0.2640743316950638,0.6463200439554038,0.24275152937780925,0.24275152937780933,0.2770852726309439,1.097814058392769,-1.1726167389372066,0.49235218080934995,0.4781888549523,0.23543732557449082,-3.047009859978385,0.0023113012803314065,0.060114680180021,0.012214722925398278,0.18000659130082203,0.6272383354350567,0.6196800248524387,0.33680931744312026,0.43827650013217023,0.2111265862635441,0.9919293820933165,0.03727865796831314,0.2408598199522322,0.38760224696954765,0.07217714850664199
3,HGB,RUS,PRIOR,0.672733292278233,0.3859266216045081,0.1674456399887666,0.06978050759854626,0.5112174411420483,0.006373707283590301,0.007013601044098838,0.2759964547368913,1.0976431463143972,0.005242519412544023,1.0037796981359552,0.2345507943742078,0.23543732557449082,-0.8823375279504717,0.3775943080120082,7.891043494309506e-05,0.011587848850203976,0.18000659130082203,0.044136191677175286,0.9894377135756446,0.5627009646302251,0.08185219831618336,0.10580283845935418,0.6272383354350567,0.6196800248524387,0.33680931744312026,0.43827650013217023,0.2111265862635441
3,HGB,RUS,PLATT,0.672733292278233,0.3859266216045081,0.16736426065581575,0.0702325984490133,0.5109795772644485,0.004169163932742659,0.003721903610350136,0.05823311040133472,0.9793088128485337,-0.004496635599629615,0.9968200237240713,0.2361883990802155,0.23543732557449082,0.09930991715855143,0.9208922045901069,5.005584276376849e-05,0.011856849196588711,0.18000659130082203,0.06708701134930643,0.9842342342342343,0.5671641791044776,0.11998195760036086,0.1323341641996309,0.6272383354350567,0.6198353525939733,0.33690056895150367,0.4383537498898387,0.211265676460155
3,HGB,RUS,ISO,0.6724661501088862,0.37673374856463493,0.16749099460135441,0.06952854675500131,0.5140628877749975,0.0034757572880523106,0.008041963326716675,0.33333333333333337,0.9030201212944845,-0.004999494386616468,0.9964787186610334,0.23626929623830553,0.23543732557449082,0.5479255653298035,0.5837430137904318,0.00011505643837520455,0.011873118782781222,0.18000659130082203,0.08474148802017654,0.9781764523143833,0.5445705024311183,0.14666084679179398,0.14209049467723814,0.6645649432534678,0.5779745262503884,0.3265584335109679,0.43792587668273225,0.20598487577467234
3,HGB,SMOTE,UNCAL,0.6675817879887975,0.37641327727705287,0.16866866436743427,0.06298617651417071,0.5142938925166526,0.013462319241758973,0.016822248573721024,0.31804298601325376,0.859631863287938,-0.02572507171422219,0.982232436605192,0.2396961419724777,0.23543732557449082,1.344017105920053,0.1789428554320306,0.00046180604105212984,0.011117991578259226,0.18000659130082203,0.09104665825977301,0.9747592420006214,0.5262390670553936,0.1552354332401634,0.14124119251037712,0.6348045397225726,0.6185150667909288,0.33880737649750975,0.4418114797261717,0.2164585506333663
3,HGB,SMOTE,PRIOR,0.6675817879887975,0.37641327727705287,0.19020607920403734,-0.05666174682553815,0.6042842740999849,0.14025087486553725,0.14022376646968462,0.23769084137556754,0.8597905073671842,1.1521341866355284,2.472728966210929,0.09521355910480628,0.23543732557449082,65.09270758207533,0.0,0.021432940505633775,0.009784172897832037,0.18000659130082203,0.0015132408575031526,0.9996116806461635,0.5454545454545454,0.0030181086519114686,0.018680818372940052,0.09104665825977301,0.9747592420006214,0.5262390670553936,0.1552354332401634,0.14124119251037712
3,HGB,SMOTE,PLATT,0.6675817879887975,0.37641327727705287,0.16839890716280273,0.06448477277490827,0.5136160160903126,0.008193701385717681,0.012770404754630652,0.8095016216116989,0.9368151437238406,-0.00654522476347757,0.9953781836347366,0.23653052623151197,0.23543732557449082,0.6913225647502382,0.48936285452140327,0.00019793693030952035,0.010850267858873167,0.18000659130082203,0.07061790668348046,0.98174899036968,0.5436893203883495,0.12500000000000003,0.1290403137173463,0.6292559899117276,0.6237185461323392,0.3399182561307902,0.4413976116762494,0.2164493066172104
3,HGB,SMOTE,ISO,0.6668048162960543,0.3691940067058602,0.1686967430044192,0.0628301897984509,0.5154182370818969,0.013778975431653424,0.01752492389630515,0.575852392751176,0.883322977579272,-0.004928909040474307,0.9965257917498267,0.23625813553814803,0.23543732557449082,1.2260084835213303,0.22019548257345734,0.0003801476030641528,0.010929116479476147,0.18000659130082203,0.0776796973518285,0.9786424355389872,0.5283018867924528,0.13544415127528586,0.1307143705163158,0.6355611601513241,0.6182044113078596,0.3388918773534158,0.4420664853960179,0.21681817775525397
4,LR,NONE,UNCAL,0.6572292315038137,0.37385866333567075,0.1693977314039627,0.058974625916511036,0.5170568413846298,0.00978789772992949,0.012150148428054893,0.24721986596594658,0.8846759700343404,0.009296675064412232,1.0066088421677875,0.23390546213188862,0.23545130641330167,2.1228070021103034,0.03377002785126599,0.0001853998016746241,0.009952271443061144,0.18001398872157118,0.06784363177805801,0.9822135922330097,0.5401606425702812,0.12054671745462693,0.1253703105944214,0.592938209331652,0.6329320388349514,0.3322029108379257,0.4258286542293063,0.19415027107550528
4,LR,NONE,PRIOR,0.6572292315038137,0.37385866333567075,0.1693977314039627,0.058974625916511036,0.5170568413846298,0.00978789772992949,0.012150148428054893,0.24721986596594658,0.8846759700343404,0.009296675064412232,1.0066088421677875,0.23390546213188862,0.23545130641330167,2.1228070021103034,0.03377002785126599,0.0001853998016746241,0.009952271443061144,0.18001398872157118,0.06784363177805801,0.9822135922330097,0.5401606425702812,0.12054671745462693,0.1253703105944214,0.592938209331652,0.6329320388349514,0.3322029108379257,0.4258286542293063,0.19415027107550528
4,LR,NONE,PLATT,0.6572292315038137,0.37385866333567075,0.16926849470635305,0.059692551774817915,0.5166080969971157,0.0027201900805592974,0.007086034212352798,0.1018476163747386,1.0035301330515598,0.004740984832652454,1.0034182089378514,0.2346492263305985,0.23545130641330167,0.1693695777893666,0.8655059511862024,2.834873329330576e-05,0.00984126146346613,0.18001398872157118,0.04918032786885246,0.9889708737864078,0.5786350148367952,0.09065550906555091,0.11558647940792455,0.6022698612862547,0.6223689320388349,0.3293793103448276,0.4258582255907267,0.19248711591307327
4,LR,NONE,ISO,0.6566882552430856,0.3647583553095268,0.16942577084846652,0.058818863330231896,0.5177900098432504,0.005430218908363349,0.009687183385292437,0.08333333333333337,0.9460207003059504,0.0032799727348162464,1.0023577340810086,0.23489748061770624,0.23545130641330167,0.4331136318366765,0.6649322199003627,5.0072193554253535e-05,0.009847275426687438,0.18001398872157118,0.07868852459016394,0.9790291262135923,0.5360824742268041,0.1372333406641742,0.13406296156067626,0.6494325346784363,0.5674563106796117,0.3161836935166994,0.4253034932694689,0.18414239329715423
4,LR,CSL,UNCAL,0.6572660585952326,0.37275723916159487,0.22845672172140957,-0.26910537843689153,0.6487968510283006,0.237131478051361,0.2371314780513605,0.35972583989623097,0.8734106842830966,-1.1686850972081548,0.4982223520478405,0.47258278446466223,0.23545130641330167,2.1161287788628234,0.034333856458559645,0.059066254852090126,0.010403125927951194,0.18001398872157118,0.5914249684741488,0.6340194174757282,0.3322941759954655,0.4255126111413537,0.19386015431903386,0.9800756620428751,0.06337864077669902,0.24371276262151145,0.39035660472124556,0.08218720696891259
4,LR,CSL,PRIOR,0.6572660585952326,0.37275723916159487,0.1695042901097991,0.05838267911066852,0.5172551258359432,0.00887074207446642,0.011758215417363958,0.21188429640069772,0.8737850435064987,0.0092000487634306,1.006529343193167,0.23392393674916964,0.23545130641330167,2.345373094663552,0.01900804818704625,0.00021266088436607236,0.010056707024073049,0.18001398872157118,0.07238335435056746,0.9809708737864078,0.5394736842105263,0.12764064932177008,0.12942193496513746,0.5914249684741488,0.6340194174757282,0.3322941759954655,0.4255126111413537,0.19386015431903386
4,LR,CSL,PLATT,0.6572660585952326,0.37275723916159487,0.16933711844116398,0.0593113384304228,0.5167080800105389,0.003976799706177069,0.007732412652807463,0.1129130245941884,1.0071750766338385,0.005276878242949217,1.0038078288649015,0.23455814912257483,0.23545130641330167,0.17651298320526623,0.859890949698317,4.99866277515018e-05,0.009916629519039103,0.18001398872157118,0.048171500630517027,0.9895922330097088,0.5876923076923077,0.08904428904428906,0.11646332124050915,0.6,0.6242330097087379,0.3296383538866565,0.42550527633697016,0.19224770557020965
4,LR,CSL,ISO,0.6567491766549541,0.3646956804641608,0.16946992026425858,0.058573607858585564,0.5172149933866492,0.005008941443639805,0.007492169457782087,0.04079254079254102,0.9653012264091883,0.0043705496221304865,1.003146676303159,0.23471274139191425,0.23545130641330167,0.4031344847173785,0.6868492929990998,4.540932094608967e-05,0.009585975434158272,0.18001398872157118,0.07667087011349306,0.9793398058252427,0.5333333333333333,0.1340683572216097,0.1314119392254382,0.6153846153846154,0.6079223300970874,0.32585470085470086,0.42608923426176554,0.19066118100067952
4,LR,ROS,UNCAL,0.6567887951615471,0.3719147604374113,0.22848287712320098,-0.26925067493260646,0.6488500137966702,0.23675354078895544,0.23675354078895527,0.2989621805394977,0.8644701709779512,-1.1683682239913635,0.4986211128672555,0.47220484720225686,0.23545130641330167,2.432349918318007,0.015001206991728744,0.05901392733260134,0.010302702213131058,0.18001398872157118,0.5878940731399748,0.6316116504854369,0.32951653944020354,0.42232086239695626,0.18869056111295895,0.9805800756620429,0.06633009708737864,0.24438996794267395,0.39126496930663174,0.08708953376141164
4,LR,ROS,PRIOR,0.6567887951615471,0.3719147604374113,0.16960745750034162,0.05780957148122223,0.5175436231391959,0.0105155689259877,0.01100462793247843,0.16962719334160015,0.8650398910143005,0.009516921980221882,1.0067489487396208,0.23387291013123995,0.23545130641330167,2.518588042704467,0.011782642204825902,0.0002489166007944067,0.009922261415825357,0.18001398872157118,0.07011349306431273,0.9801941747572815,0.5215759849906192,0.1236104935526901,0.12192106824545364,0.5878940731399748,0.6316116504854369,0.32951653944020354,0.42232086239695626,0.18869056111295895
4,LR,ROS,PLATT,0.6567887951615471,0.3719147604374113,0.16941095042693724,0.05890119260700599,0.5169066813989878,0.0035854179025365295,0.004474126463433687,0.16815329080798003,1.0025144928716931,0.005854089950348074,1.0042252293885283,0.23446065635760588,0.23545130641330167,0.2565154299827194,0.7975528675244301,4.664073513416498e-05,0.00977107594738255,0.18001398872157118,0.04716267339218159,0.9889708737864078,0.5683890577507599,0.0870982766651141,0.11076974979517382,0.5964691046658259,0.6222912621359223,0.32719977863862754,0.42258554453676395,0.18752013395234648
4,LR,ROS,ISO,0.6565332876259503,0.3629830699483025,0.16954285503830618,0.058168446157404574,0.517960668262796,0.0068897398341345615,0.008350568728576686,0.058016383952312345,0.9492274606136578,0.00518403187013234,1.003732273677465,0.23457580530977387,0.23545130641330167,0.5306840876037875,0.595637714617772,0.00010955703755701763,0.00980108181444059,0.18001398872157118,0.04539722572509458,0.9895922330097088,0.5732484076433121,0.08413180649684505,0.10974474676426664,0.5841109709962169,0.6363495145631068,0.3309517004858531,0.4225120861078172,0.18980048806434757
4,LR,RUS,UNCAL,0.6542327011839029,0.3684080697303112,0.2302267871021617,-0.278938310810126,0.6527977214258588,0.2388731690746244,0.23887316907462386,0.344003336681599,0.8336783612071855,-1.1808719698078376,0.4963929094552816,0.4743244754879254,0.23545130641330167,4.571223779330039,4.848841333594777e-06,0.06034637894471899,0.010044153754127254,0.18001398872157118,0.594703656998739,0.624,0.3275454924295041,0.4224292368326765,0.1875660063461279,0.9790668348045397,0.06772815533980582,0.24438149197355996,0.3911335012594459,0.085841891666761
4,LR,RUS,PRIOR,0.6542327011839029,0.3684080697303112,0.17012586934952548,0.054929729465249766,0.5188982535366855,0.012822039373095256,0.015962840320044705,0.24627395315623646,0.833937206073347,-0.0029868238362522476,0.9978998430824707,0.23594683178424247,0.23545130641330167,2.519386875450664,0.011755940925611117,0.00041303489811755835,0.009769513635302506,0.18001398872157118,0.07566204287515763,0.9784077669902913,0.5190311418685121,0.13207131851199647,0.12600830204365704,0.594703656998739,0.624,0.3275454924295041,0.4224292368326765,0.1875660063461279
4,LR,RUS,PLATT,0.6542327011839029,0.3684080697303112,0.16979505896877298,0.05676742209382435,0.5179118812716018,0.006211432100452417,0.008840978773413017,0.27510013133418487,1.0060717283835163,0.004195011390854157,1.0030330143894128,0.2347393386215014,0.23545130641330167,0.1498343457322217,0.8808953112521171,0.00012548998699061346,0.009606734399112367,0.18001398872157118,0.044640605296343,0.9893592233009709,0.5636942675159236,0.08272960972189765,0.10664076308586135,0.6017654476670871,0.6183300970873786,0.32684931506849313,0.42361296049711494,0.18843902512543262
4,LR,RUS,ISO,0.6532083203761063,0.3566980620540149,0.1699413215044642,0.055954915596703625,0.5197250171033596,0.00730702670771279,0.007650893216727173,0.035140303631368,0.9259035200877982,0.004766921437194052,1.0034374775164896,0.23464472046234935,0.23545130641330167,0.5699015745128378,0.5687444569166638,8.38974155603829e-05,0.009717158051407897,0.18001398872157118,0.05674653215636822,0.9852427184466019,0.5421686746987951,0.10273972602739724,0.11490967621168541,0.6950819672131148,0.5186796116504855,0.3078297777281358,0.4266914383031429,0.18175428168832022
4,LR,SMOTE,UNCAL,0.6459815129959965,0.3634851789234619,0.23014031144122282,-0.2784579278055268,0.6519335988717392,0.23189076911610834,0.23189076911610837,0.32436722035967647,0.7321179385583207,-1.1658796353987857,0.503809348102415,0.4673420755294101,0.23545130641330167,8.023481504428695,1.0278946958901932e-15,0.05923378847715395,0.009091519980214334,0.18001398872157118,0.5848675914249685,0.620504854368932,0.32185981956974324,0.4152193375111907,0.17611426628838442,0.9629255989911728,0.1014368932038835,0.24813153961136025,0.39458453906572966,0.09725642081205953
4,LR,SMOTE,PRIOR,0.6459815129959965,0.3634851789234619,0.17149084490697453,0.04734712122181217,0.5234294023789837,0.02362222708192261,0.02656263828578798,0.23875986118582082,0.7326278510066606,0.012005510572799674,1.008412678278158,0.2334870549379937,0.23545130641330167,5.157630628220134,2.500943658282537e-07,0.0008949968524585826,0.009030417838457734,0.18001398872157118,0.08196721311475409,0.9774757281553398,0.5284552845528455,0.14192139737991266,0.13445148226444137,0.5848675914249685,0.620504854368932,0.32185981956974324,0.4152193375111907,0.17611426628838442
4,LR,SMOTE,PLATT,0.6459815129959965,0.3634851789234619,0.17066075184549648,0.051958390966852064,0.5204687384476857,0.0025365390862944893,0.007349541456890129,0.19959041596469873,0.9857274960848994,0.004836861622007788,1.0035127025096007,0.23462713110106254,0.23545130641330167,0.28129067554465836,0.7784874615494242,6.367245818637564e-05,0.008933252190402235,0.18001398872157118,0.03530895334174023,0.9927766990291262,0.6008583690987125,0.06669842782277276,0.10201315454266638,0.6070617906683481,0.6010873786407767,0.3191038048521808,0.41831769204031977,0.1775932387000174
4,LR,SMOTE,ISO,0.6448159845247861,0.3533569412821728,0.17093498074678534,0.05043501546305351,0.5215378412653016,0.0071969370250486425,0.008931957148208828,0.10200028943918171,0.9339375808891118,0.002965491355993959,1.0021475770722545,0.23494674018088826,0.23545130641330167,0.5556393116016826,0.5784574517469137,0.00012376118785868353,0.008419605057772022,0.18001398872157118,0.0403530895334174,0.9908349514563107,0.5755395683453237,0.07541833608296017,0.10384952702263862,0.5568726355611602,0.6425631067961165,0.32422907488986785,0.40983758700696055,0.17241465850568177
4,RF,NONE,UNCAL,0.6586321086203308,0.37916451419409336,0.16979427293906893,0.05677178858616261,0.5182583346507476,0.017764579856025246,0.021307445831113086,0.34598382187565413,1.3683243548927877,-0.004326689026261329,0.9968087450051859,0.2362050971092521,0.23545130641330167,-2.7581792185168714,0.005812432136805532,0.0007436638529106507,0.009686441263726267,0.18001398872157118,0.009836065573770493,0.9993009708737864,0.8125,0.019436830301520065,0.07271579230565561,0.6279949558638083,0.6023300970873786,0.3272010512483574,0.4302375809935205,0.19635556552003197
4,RF,NONE,PRIOR,0.6586321086203308,0.37916451419409336,0.16979427293906893,0.05677178858616261,0.5182583346507476,0.017764579856025246,0.021307445831113086,0.34598382187565413,1.3683243548927877,-0.004326689026261329,0.9968087450051859,0.2362050971092521,0.23545130641330167,-2.7581792185168714,0.005812432136805532,0.0007436638529106507,0.009686441263726267,0.18001398872157118,0.009836065573770493,0.9993009708737864,0.8125,0.019436830301520065,0.07271579230565561,0.6279949558638083,0.6023300970873786,0.3272010512483574,0.4302375809935205,0.19635556552003197
4,RF,NONE,PLATT,0.6586321086203308,0.37916451419409336,0.1690237201581767,0.061052304699811155,0.5162903138509273,0.003745961160249213,0.007376950885513766,0.29357604712767027,1.044855771878201,0.0013397703009537217,1.0009682279572425,0.23522355638980302,0.23545130641330167,-0.5544281952608447,0.5792858343927909,0.00016011533629780545,0.01028487501851812,0.18001398872157118,0.03934426229508197,0.9920776699029126,0.6046511627906976,0.07388112716078618,0.10854249331201125,0.6093316519546028,0.6191844660194175,0.3300997404016942,0.4282169443459766,0.1955892116435546
4,RF,NONE,ISO,0.6581783126629855,0.36823311400758285,0.16920376519208205,0.06005213224190131,0.5170209504094802,0.009010438871518431,0.009216367556585068,0.19534219904164085,0.9965220259370331,-0.0004709193344193675,0.9996609613020385,0.2355311605913179,0.23545130641330167,-0.23610215732407266,0.8133533999476573,0.00017159062598350735,0.010398496451974663,0.18001398872157118,0.0703656998738966,0.9795728155339806,0.514760147601476,0.12380741069447526,0.120050519021397,0.575031525851198,0.653126213592233,0.3379780610732286,0.4257305573709271,0.19754934830140772
4,RF,CSL,UNCAL,0.6606301350408306,0.3773742997663547,0.19049401499631852,-0.05821784174367628,0.5683169231223583,0.1460482215835384,0.14590735289455273,0.1895356496036984,1.366265615661964,-0.7216195851094803,0.6174012328463533,0.3813586593078543,0.23545130641330167,-33.131177871385496,1.0573583485892645e-240,0.021567091745353765,0.010158849403994608,0.18001398872157118,0.23404791929382093,0.9101359223300971,0.445083932853717,0.30677685950413225,0.18573304154974227,0.9773013871374527,0.06376699029126214,0.24326699730052107,0.38956469287222284,0.07702812290873963
4,RF,CSL,PRIOR,0.6606301350408306,0.3773742997663547,0.17584302586872871,0.02317021705863187,0.5346823911383325,0.07026746087772236,0.0702674608777218,0.33119477200274505,1.3666644778163812,0.45626556086210507,1.4253894238258702,0.16518384553557983,0.23545130641330167,22.740707815856844,1.7734595701331255e-114,0.006397100422814613,0.008601168692631169,0.18001398872157118,0.001008827238335435,0.9999223300970874,0.8,0.0020151133501259445,0.02293119677293246,0.23404791929382093,0.9101359223300971,0.445083932853717,0.30677685950413225,0.18573304154974227
4,RF,CSL,PLATT,0.6606301350408306,0.3773742997663547,0.1689544864114326,0.06143690673603153,0.5159515422791311,0.005164040162029239,0.008924144377651768,0.11206748015247447,1.0203251665729685,-0.0008451154929214296,0.9993921109863637,0.2355945217347371,0.23545130641330167,-0.32878260831268796,0.7423200094947969,7.856012646728525e-05,0.01045563924369313,0.18001398872157118,0.05170239596469105,0.9874174757281553,0.55858310626703,0.09464450600184672,0.11367717046462708,0.610592686002522,0.6219029126213592,0.3321443270681849,0.4302470232806114,0.1990909654890001
4,RF,CSL,ISO,0.6590838967176385,0.36420530458122674,0.16934125161530683,0.05928837813625765,0.5171904239396533,0.012044179843469727,0.012308152518051974,0.16071011089135545,0.9651134743309379,-0.0022719832634448133,0.99837027571056,0.23583565350613656,0.23545130641330167,0.050646559766225605,0.9596071610794257,0.00021916647168131976,0.010269267583509387,0.18001398872157118,0.0776796973518285,0.9768543689320388,0.5082508250825083,0.13476263399693725,0.12422643250142708,0.6317780580075663,0.6033398058252427,0.3290856542301629,0.43275459963721175,0.20043689169873302
4,RF,ROS,UNCAL,0.6642162906010112,0.3840210611295234,0.2018275940979391,-0.12117727706441306,0.5929144693797582,0.18205327202536958,0.18197734061942572,0.194027564561985,1.4088127958127803,-0.8785164930839366,0.5640516243602267,0.4174286470327275,0.23545130641330167,-33.47466178206697,1.1268053408659644e-245,0.03355806898197622,0.010727924195777064,0.18001398872157118,0.3498108448928121,0.8396116504854368,0.4017960602549247,0.37400566266684643,0.19908270034708742,0.9919293820933165,0.02866019417475728,0.23924812944826326,0.3855126445794942,0.05729711295485467
4,RF,ROS,PRIOR,0.6642162906010112,0.3840210611295234,0.17234639956906997,0.042594409132490796,0.524239695866034,0.04816482660869622,0.04816482660869636,0.34432439615359134,1.4110297984907854,0.29936865288764886,1.2571719360572442,0.18728647980460533,0.23545130641330167,13.649023157051692,2.0460281292434643e-42,0.00397967417210893,0.01028305968063918,0.18001398872157118,0.0012610340479192938,0.9999223300970874,0.8333333333333334,0.002518257365902795,0.02660384044012905,0.3498108448928121,0.8396116504854368,0.4017960602549247,0.37400566266684643,0.19908270034708742
4,RF,ROS,PLATT,0.6642162906010112,0.3840210611295234,0.16830405455860667,0.06505013621997147,0.5143722635331839,0.006527088060933187,0.008619625368138031,0.15932260959711653,1.0416225486182453,0.0014471630128026483,1.0010411606754304,0.2352064187395013,0.23545130641330167,-0.5200236963810754,0.6030470591729211,9.823001225360327e-05,0.010948368256586441,0.18001398872157118,0.05044136191677175,0.9879611650485437,0.5633802816901409,0.0925925925925926,0.11342175558969536,0.6156368221941992,0.625242718446602,0.3359482521332232,0.4346896981568872,0.20634821702038794
4,RF,ROS,ISO,0.6635043034317266,0.3730377883540501,0.16853837611108247,0.06374845098046533,0.5154810980395786,0.009541745053159991,0.013432308063942478,0.10787184327376687,0.9863726523821635,0.0015877813486720113,1.0011400509015336,0.23518318561052087,0.23545130641330167,-0.1617942718582844,0.871467864005782,0.00016569598455575386,0.011258686905019175,0.18001398872157118,0.04741488020176545,0.9895145631067961,0.5820433436532507,0.08768656716417911,0.11423551135351459,0.6282471626733922,0.6113398058252427,0.3323549032688459,0.4347294938917976,0.20454220605794118
4,RF,RUS,UNCAL,0.6589575386574273,0.3749591566377778,0.23178826562271765,-0.2876125173461359,0.6559218027595534,0.24927734811083765,0.24927734811083652,0.270195235037005,1.4461435372378555,-1.1572223736742935,0.4857383697368706,0.48472865452413816,0.23545130641330167,-11.786222441894916,4.597014940146405e-32,0.0625963540879221,0.009945395883032596,0.18001398872157118,0.6073139974779319,0.6302912621359223,0.3359375,0.4325878020300009,0.2038891533000665,1.0,0.0013203883495145632,0.2356892349759258,0.38147007889166823,0.017640899069157806
4,RF,RUS,PRIOR,0.6589575386574273,0.3749591566377778,0.1702653126994447,0.05415510438949667,0.5192906647854001,0.021007015083273933,0.029013257704717205,0.37637207534194006,1.446811991643524,0.02066277229729208,1.0154887707223672,0.23186007881289866,0.23545130641330167,-1.5538165452823107,0.12022818279487418,0.0007880708075901681,0.008939185894285506,0.18001398872157118,0.005296343001261034,0.9996116504854369,0.8076923076923077,0.010523678276121273,0.05303676141461084,0.6073139974779319,0.6302912621359223,0.3359375,0.4325878020300009,0.2038891533000665
4,RF,RUS,PLATT,0.6589575386574273,0.3749591566377778,0.16924444143556672,0.059826170672497625,0.5166427694050102,0.00533751714998467,0.009206396990805929,0.26493958629781333,1.039401920711281,-0.000594414956575499,0.9995709131954473,0.23555237883083896,0.23545130641330167,-0.4944153202951706,0.6210128964732005,7.767952498193477e-05,0.010013178723261434,0.18001398872157118,0.04337957124842371,0.9899029126213592,0.5695364238410596,0.08061870166393251,0.10640596620068178,0.6118537200504414,0.624621359223301,0.33420581347293016,0.43228795438346407,0.2025987568194484
4,RF,RUS,ISO,0.658569042226276,0.3648932605357318,0.169503648058895,0.05838624578294438,0.5177226925024968,0.007884079649955066,0.012865548030188155,0.25523167786966483,0.9853781152844202,-0.0015325436713022305,0.998895672299111,0.23571160927284276,0.23545130641330167,-0.25061186618879755,0.8021142065581383,0.0001259313237086578,0.00990429259733097,0.18001398872157118,0.05094577553593947,0.9873398058252427,0.5534246575342465,0.09330254041570439,0.11155044753786882,0.5886506935687263,0.6508737864077669,0.3417777126958559,0.4324624791550861,0.20697973834499211
4,RF,SMOTE,UNCAL,0.6506798467170265,0.3638958555467785,0.17538596808058782,0.025709229668177347,0.5336369446997901,0.0693427848848444,0.06891146828861547,0.3369388048522688,1.379993882611878,-0.36245771473494576,0.7735877248585832,0.3043627747019172,0.23545130641330167,-20.851488740930577,1.4775332255851086e-96,0.005182619177215036,0.00919440774783538,0.18001398872157118,0.04590163934426229,0.9881941747572816,0.5449101796407185,0.08467085368690393,0.10375334933845214,0.8854981084489281,0.23883495145631067,0.26376680940575464,0.4064598286640426,0.12961362761740344
4,RF,SMOTE,PRIOR,0.6506798467170265,0.3638958555467785,0.18615308131384034,-0.03410341760959912,0.5716332056504769,0.11347471203086473,0.11347471203086473,0.5527405762007521,1.380916683231911,0.8154274312366397,1.9302990676644405,0.12197659438243695,0.23545130641330167,44.05958448483283,0.0,0.01502092777131166,0.007159107950827748,0.18001398872157118,0.001008827238335435,0.9999223300970874,0.8,0.0020151133501259445,0.02293119677293246,0.04590163934426229,0.9881941747572816,0.5449101796407185,0.08467085368690393,0.10375334933845214
4,RF,SMOTE,PLATT,0.6506798467170265,0.3638958555467785,0.17034858358472954,0.05369252431049576,0.5196191914619036,0.0041167008970436555,0.00912121577376079,0.2488060727939797,1.0272638983460425,-0.00037906835218468304,0.9997249068714487,0.23551609527277445,0.23545130641330167,-0.35234667771464934,0.7245782859900884,0.00010331046757860731,0.008925278603642199,0.18001398872157118,0.03076923076923077,0.9916116504854369,0.5304347826086957,0.05816448152562575,0.08181325344405055,0.6113493064312736,0.6121941747572816,0.3268167722798975,0.42593568792830777,0.19105063672728323
4,RF,SMOTE,ISO,0.6492212196525422,0.3536799747247966,0.1704774262432091,0.05297678738834943,0.5219404136465424,0.005874716084898371,0.009612564381592706,0.21447466121488679,0.9486520145382995,-0.00017091847161673692,0.9998761485597942,0.23548047100877642,0.23545130641330167,-0.1062532182303921,0.9153814478412894,8.58477032192862e-05,0.008839627999477904,0.18001398872157118,0.023707440100882726,0.9947184466019418,0.5802469135802469,0.04555367094741943,0.08009291848682715,0.5899117276166457,0.6323883495145631,0.33074095022624433,0.4238470598894627,0.1911000834035677
4,HGB,NONE,UNCAL,0.6732235507290736,0.39303432710119535,0.1668998425694506,0.07285070770009938,0.5100087026358846,0.002590061292207651,0.010620532702950181,0.16349985584151072,0.9867162807958672,0.006697394882170735,1.0047527902611777,0.2343375491916752,0.23545130641330167,0.5266907794442182,0.5984083397313296,2.32236039082706e-05,0.012205133559653001,0.18001398872157118,0.07717528373266078,0.9823689320388349,0.574108818011257,0.1360604713205869,0.14430592211993504,0.6141235813366961,0.6390679611650485,0.34382942671561706,0.4408436679641532,0.21761360381221234
4,HGB,NONE,PRIOR,0.6732235507290736,0.39303432710119535,0.1668998425694506,0.07285070770009938,0.5100087026358846,0.002590061292207651,0.010620532702950181,0.16349985584151072,0.9867162807958672,0.006697394882170735,1.0047527902611777,0.2343375491916752,0.23545130641330167,0.5266907794442182,0.5984083397313296,2.32236039082706e-05,0.012205133559653001,0.18001398872157118,0.07717528373266078,0.9823689320388349,0.574108818011257,0.1360604713205869,0.14430592211993504,0.6141235813366961,0.6390679611650485,0.34382942671561706,0.4408436679641532,0.21761360381221234
4,HGB,NONE,PLATT,0.6732235507290736,0.39303432710119535,0.1668978464231196,0.07286179654014624,0.5100010915499995,0.0016433121969086262,0.010443237382955882,0.1602651904100355,0.9997579859237693,-0.004392122426742328,0.9968938690091693,0.23618492773691238,0.23545130641330167,-0.18578791386314641,0.8526110828617651,3.052334862302832e-05,0.012147646485401951,0.18001398872157118,0.07692307692307693,0.9823689320388349,0.5733082706766918,0.13564598621303092,0.14382527488019142,0.6201765447667087,0.6316116504854369,0.3414329352957512,0.44040476403689444,0.21592879448245997
4,HGB,NONE,ISO,0.672869452368418,0.3853721257437291,0.16712791107391112,0.07158375891661883,0.5124500661876247,0.005379492032032842,0.01485649568527315,0.2846063381088435,0.926054371016476,-0.0066983010189971765,0.9952812881888778,0.23656760074506622,0.23545130641330167,0.13504720471554024,0.8925745521898356,8.530811529389779e-05,0.01217697389474455,0.18001398872157118,0.05271122320302648,0.9903689320388349,0.6276276276276276,0.09725453699395067,0.13128535471948757,0.6794451450189155,0.562873786407767,0.32372025955299205,0.43851224871815736,0.20563634982949686
4,HGB,CSL,UNCAL,0.6745118720846239,0.39409940300544666,0.21866691443824676,-0.21472178672942888,0.6260731977070433,0.22182871826950853,0.22182871826950792,0.4225529241255537,0.9831611007188369,-1.103086298405211,0.5148952364071041,0.45728002468280965,0.23545130641330167,-5.05187777518073,4.374876306448956e-07,0.05173378432579445,0.01300808336272167,0.18001398872157118,0.5969735182849937,0.6604271844660194,0.3512390562397982,0.4422645739910314,0.2229076786738496,0.9725094577553594,0.10058252427184466,0.24980564913189945,0.397505283232823,0.11217963293060543
4,HGB,CSL,PRIOR,0.6745118720846239,0.39409940300544666,0.16691664215569438,0.0727573839182607,0.5101487088769304,0.012392318753244959,0.017412025271512244,0.39381785383527995,0.9830986259564626,0.07479884756637453,1.0548926607259994,0.22319930280987937,0.23545130641330167,3.6577154600177777,0.00025447332029374586,0.0002830379895815376,0.012386567409854369,0.18001398872157118,0.05523329129886507,0.989126213592233,0.6100278551532033,0.1012950971322849,0.13029954552374856,0.5969735182849937,0.6604271844660194,0.3512390562397982,0.4422645739910314,0.2229076786738496
4,HGB,CSL,PLATT,0.6745118720846239,0.39409940300544666,0.16678212598183806,0.07350463792086337,0.5096817715221327,0.00897437515728592,0.011728004307707056,0.39910564042670743,1.007767815642966,-0.0036302760734842347,0.9974260239671441,0.23605891640647386,0.23545130641330167,-0.4528177655893847,0.6506799699107595,0.00016533612865864394,0.01256950101200963,0.18001398872157118,0.06330390920554856,0.9869514563106796,0.5990453460620525,0.11450729927007301,0.1368897211098207,0.6421185372005044,0.6078446601941747,0.33522053982883476,0.440484429065744,0.21313459061520162
4,HGB,CSL,ISO,0.6739303566400177,0.38061785711167745,0.16702123746377873,0.07217634403005391,0.5127980963316684,0.009138063328313007,0.009086142626004259,0.5,0.9225785818039723,-0.005207053085135366,0.9963238753831529,0.2363200483605343,0.23545130641330167,-0.011269494040058378,0.9910084350214808,0.0001850699703058002,0.012502137287863297,0.18001398872157118,0.0416141235813367,0.9915339805825243,0.6021897810218978,0.07784854918612881,0.11116544214023882,0.621437578814628,0.6329320388349514,0.34269819193324064,0.44177498879426275,0.21818874787613607
4,HGB,ROS,UNCAL,0.6705666523831095,0.38506481589962915,0.21220275466164812,-0.17881257872827083,0.6114744342097922,0.20179851113702005,0.20179851113701994,0.27227976556092137,0.8611571023854755,-1.0314200686805481,0.5384823434173401,0.4372498175503217,0.23545130641330167,-5.126925795579169,2.9451152591970804e-07,0.044582057708490684,0.011817971765611815,0.18001398872157118,0.5430012610340479,0.689631067961165,0.3501382338591641,0.4257464900138422,0.20500000517957565,0.9558638083228247,0.15005825242718446,0.2572456390416073,0.40539095090384003,0.13583252502589502
4,HGB,ROS,PRIOR,0.6705666523831095,0.38506481589962915,0.16817248905794396,0.06578099886760858,0.5140040579847863,0.02388036463511034,0.02324523261617343,0.3285037510092623,0.8613986149797769,0.1464650772910373,1.1095408448977577,0.21220607379712828,0.23545130641330167,9.084331605487478,1.0433777170841391e-19,0.0006616365726958275,0.011659826057494905,0.18001398872157118,0.05624211853720051,0.986873786407767,0.5688775510204082,0.10236401193481755,0.12132020578795948,0.5430012610340479,0.689631067961165,0.3501382338591641,0.4257464900138422,0.20500000517957565
4,HGB,ROS,PLATT,0.6705666523831095,0.38506481589962915,0.16760002156526146,0.06896112667680288,0.5115211310504751,0.005386552133574037,0.008186538065466157,0.19620967536280354,1.0050076462221909,-0.0007128000114147782,0.9994920149462314,0.2355709729466603,0.23545130641330167,-0.19168476356373543,0.8479891415851577,4.739867525315401e-05,0.01173181585315935,0.18001398872157118,0.05094577553593947,0.988116504854369,0.5690140845070423,0.09351851851851851,0.11537033547837304,0.6365699873896595,0.6041941747572815,0.3312335958005249,0.4357358653431161,0.2052315432961961
4,HGB,ROS,ISO,0.6702982455710771,0.3747830337266318,0.16761376123652028,0.0688848011016081,0.5126125747318957,0.006645375568799438,0.008304205028600875,0.209090909090909,0.9560879971271832,-0.00074675902911709,0.9994699308188549,0.23557617808511652,0.23545130641330167,0.2233085290636947,0.8232953896294279,7.546232369930472e-05,0.011942973644237083,0.18001398872157118,0.05926860025220681,0.9860194174757282,0.5662650602409639,0.10730593607305935,0.12393723104498468,0.6895334174022698,0.552,0.3215713949658904,0.438597898451913,0.20496558438110155
4,HGB,RUS,UNCAL,0.6730873688463375,0.3936813067901178,0.22633508868283309,-0.2573194441906219,0.643459037104724,0.23983004699401547,0.23983004699401503,0.9382699690455781,1.0486723502638848,-1.1692441506849018,0.4953935279079201,0.4752813534073169,0.23545130641330167,-2.0081735556726166,0.04462485206397489,0.05941256382106015,0.012413534439683403,0.18001398872157118,0.6219419924337957,0.6237669902912621,0.33734610123119013,0.4374279379157428,0.21033478880669018,0.987389659520807,0.05825242718446602,0.24407730673316708,0.39140214946263435,0.09103607624247201
4,HGB,RUS,PRIOR,0.6730873688463375,0.3936813067901178,0.166965950348329,0.07248347080245443,0.5103162387527503,0.004703174879863908,0.010566764831418256,0.8239558361804351,1.0486223457838288,0.008640995286683608,1.006196640926262,0.23400128447711294,0.23545130641330167,-0.3066433526537422,0.7591148516417554,0.0001701409306763744,0.012644408885967367,0.18001398872157118,0.05926860025220681,0.9888932038834951,0.6216931216931217,0.1082201243380152,0.13794652455209822,0.6219419924337957,0.6237669902912621,0.33734610123119013,0.4374279379157428,0.21033478880669018
4,HGB,RUS,PLATT,0.6730873688463375,0.3936813067901178,0.1669282543684881,0.07269287663827784,0.5102434412939315,0.003311693939734299,0.00885599336707043,0.8405635063958592,1.007413504428327,-0.0023567010183912322,0.9983277598014757,0.23584569706858874,0.23545130641330167,-0.3147896947923987,0.7529213366269147,0.0001210835094971632,0.012753635937962958,0.18001398872157118,0.06935687263556116,0.9851650485436894,0.5901287553648069,0.12412547957571654,0.14102496931506334,0.6244640605296343,0.6187961165048543,0.33531960996749727,0.4363380033483126,0.2080015912337891
4,HGB,RUS,ISO,0.6727690103943486,0.38411622738512985,0.16700018260559246,0.07229330637445364,0.5118742776470592,0.005469153384254644,0.010160458273629177,0.19999999999999996,0.9423930975004005,-0.0037538074414095344,0.9973469424438958,0.23607763396391684,0.23545130641330167,0.0027299659214146074,0.997821805045363,7.38872904097415e-05,0.01273778629889237,0.18001398872157118,0.09709962168978563,0.9772427184466019,0.5678466076696165,0.16584105104458327,0.16046083364223726,0.7036569987389659,0.5444660194174757,0.3223570190641248,0.44215530903328043,0.21062959464845984
4,HGB,SMOTE,UNCAL,0.6744198631227121,0.3898061033197536,0.16717917553103903,0.07129897850931244,0.5106503120971069,0.010521471644987524,0.010577301519325222,0.09014875020961977,0.9246241502192367,-0.032985205087006725,0.9772352731264733,0.24093615211004532,0.23545130641330167,-0.21053565912833858,0.8332496233204632,0.00029491568093304924,0.012440749120660398,0.18001398872157118,0.08902900378310215,0.9744466019417476,0.5175953079178885,0.1519259737465031,0.13662056572155495,0.6335435056746532,0.6187961165048543,0.33854447439353097,0.44128238910847606,0.21565188523598136
4,HGB,SMOTE,PRIOR,0.6744198631227121,0.3898061033197536,0.18928166175631572,-0.05148306937252589,0.5997372101402303,0.13987439685519176,0.13978847543848255,0.7234583286922587,0.9250298345229481,1.1448999408845788,2.461262164353869,0.09566283097481913,0.23545130641330167,64.07332530369433,0.0,0.021357805879714253,0.010031693940170928,0.18001398872157118,0.0035308953341740227,0.9997669902912621,0.8235294117647058,0.007031642390758412,0.044061027561576475,0.08902900378310215,0.9744466019417476,0.5175953079178885,0.1519259737465031,0.13662056572155495
4,HGB,SMOTE,PLATT,0.6744198631227121,0.3898061033197536,0.1670510480721944,0.07201074240892524,0.5103624292970046,0.006907914879942293,0.007252800834042316,0.07370778847862092,1.0136375459737859,-0.006594151046410895,0.9953290903116395,0.23655623924302402,0.23545130641330167,-0.47020332984464736,0.6382097553674515,6.775828411877981e-05,0.012666147021162017,0.18001398872157118,0.07112232030264817,0.9826019417475728,0.5573122529644269,0.12614627600089465,0.13351932847504608,0.6204287515762925,0.6289708737864078,0.3399198562940445,0.4392072844134976,0.21375105193515773
4,HGB,SMOTE,ISO,0.6733383905287773,0.37863552722813654,0.16746396773915065,0.06971692252808326,0.5123783553150838,0.006104897959458981,0.013593383890409531,0.06107219095106259,0.9495951710879857,-0.006532020950568262,0.9953755761930304,0.2365451916288945,0.23545130641330167,-0.1573182318953834,0.8749940521925723,0.00010225250357536187,0.011531366996891978,0.18001398872157118,0.09987389659520807,0.9712621359223301,0.5169712793733682,0.16740646797717185,0.14484666069962152,0.651702395964691,0.5998446601941747,0.3340227507755946,0.44167165199555597,0.21416085833367848
